API,apiType,executionMode,technology,fileName,fullTestName,testNameLength,testDescription,isNameRepeated,descriptionCount
catwatch,rest,bb,java,EvoMaster_successes_Test.java,test_0_getOnHealth_jsonReturnsObject,36,getOnHealth_jsonReturnsObject,False,1
catwatch,rest,bb,java,EvoMaster_successes_Test.java,test_1_getOnHealthReturnsObject,31,getOnHealthReturnsObject,False,1
catwatch,rest,bb,java,EvoMaster_successes_Test.java,test_2_getOnExportReturnsObject,31,getOnExportReturnsObject,False,1
catwatch,rest,bb,java,EvoMaster_successes_Test.java,test_3_getOnApi_docsReturnsObject,33,getOnApi_docsReturnsObject,False,1
catwatch,rest,bb,java,EvoMaster_successes_Test.java,test_4_getOnLanguagesWithQueryParamsReturnsEmptyList,52,getOnLanguagesWithQueryParamsReturnsEmptyList,True,5
catwatch,rest,bb,java,EvoMaster_successes_Test.java,test_5_getOnLanguagesWithQueryParamsReturnsEmptyList,52,getOnLanguagesWithQueryParamsReturnsEmptyList,True,5
catwatch,rest,bb,java,EvoMaster_successes_Test.java,test_6_getOnStatisticsWithQueryParamsReturnsEmptyList,53,getOnStatisticsWithQueryParamsReturnsEmptyList,True,2
catwatch,rest,bb,java,EvoMaster_successes_Test.java,test_7_getOnStatisticsWithQueryParamsReturnsEmptyList,53,getOnStatisticsWithQueryParamsReturnsEmptyList,True,2
catwatch,rest,bb,java,EvoMaster_successes_Test.java,test_8_getOnLanguagesWithQueryParamsReturnsEmptyList,52,getOnLanguagesWithQueryParamsReturnsEmptyList,True,5
catwatch,rest,bb,java,EvoMaster_successes_Test.java,test_9_getOnLanguagesWithQueryParamsReturnsEmptyList,52,getOnLanguagesWithQueryParamsReturnsEmptyList,True,5
catwatch,rest,bb,java,EvoMaster_successes_Test.java,test_10_getOnLanguagesWithQueryParamsEmptyOrganizationsReturnsEmptyList,71,getOnLanguagesWithQueryParamsEmptyOrganizationsReturnsEmptyList,False,1
catwatch,rest,bb,java,EvoMaster_successes_Test.java,test_11_getOnLanguagesWithQueryParamsReturnsEmptyList,53,getOnLanguagesWithQueryParamsReturnsEmptyList,True,5
catwatch,rest,bb,java,EvoMaster_successes_Test.java,test_12_getOnProjectsWithQueryParamsReturnsEmptyList,52,getOnProjectsWithQueryParamsReturnsEmptyList,True,7
catwatch,rest,bb,java,EvoMaster_successes_Test.java,test_13_getOnProjectsWithQueryParamsReturnsEmptyList,52,getOnProjectsWithQueryParamsReturnsEmptyList,True,7
catwatch,rest,bb,java,EvoMaster_successes_Test.java,test_14_getOnProjectsWithQueryParamsReturnsEmptyList,52,getOnProjectsWithQueryParamsReturnsEmptyList,True,7
catwatch,rest,bb,java,EvoMaster_successes_Test.java,test_15_getOnProjectsWithQueryParamsReturnsEmptyList,52,getOnProjectsWithQueryParamsReturnsEmptyList,True,7
catwatch,rest,bb,java,EvoMaster_successes_Test.java,test_16_getOnProjectsWithQueryParamsReturnsEmptyList,52,getOnProjectsWithQueryParamsReturnsEmptyList,True,7
catwatch,rest,bb,java,EvoMaster_successes_Test.java,test_17_getOnProjectsWithQueryParamsReturnsEmptyList,52,getOnProjectsWithQueryParamsReturnsEmptyList,True,7
catwatch,rest,bb,java,EvoMaster_successes_Test.java,test_18_getOnProjectsWithQueryParamsReturnsEmptyList,52,getOnProjectsWithQueryParamsReturnsEmptyList,True,7
catwatch,rest,bb,java,EvoMaster_others_Test.java,test_0_getOnFetchReturnsNull,28,getOnFetchReturnsNull,False,1
catwatch,rest,bb,java,EvoMaster_faults_Test.java,test_0_headOnErrorShowsFaults_100_200,37,headOnErrorShowsFaults_100_200,False,1
catwatch,rest,bb,java,EvoMaster_faults_Test.java,test_1_deleteOnErrorShowsFaults_100_200,39,deleteOnErrorShowsFaults_100_200,False,1
catwatch,rest,bb,java,EvoMaster_faults_Test.java,test_2_patchOnErrorShowsFaults_100_200,38,patchOnErrorShowsFaults_100_200,False,1
catwatch,rest,bb,java,EvoMaster_faults_Test.java,test_3_putOnErrorShowsFaults_100_200,36,putOnErrorShowsFaults_100_200,False,1
catwatch,rest,bb,java,EvoMaster_faults_Test.java,test_4_postOnErrorShowsFaults_100_200,37,postOnErrorShowsFaults_100_200,False,1
catwatch,rest,bb,java,EvoMaster_faults_Test.java,test_5_getOnErrorShowsFaults_100_200,36,getOnErrorShowsFaults_100_200,False,1
catwatch,rest,bb,java,EvoMaster_faults_Test.java,test_6_getOnProjectsShowsFaults_100_200,39,getOnProjectsShowsFaults_100_200,False,1
catwatch,rest,bb,java,EvoMaster_faults_Test.java,test_7_getOnContributorsWithQueryParamsShowsFaults_100_200,58,getOnContributorsWithQueryParamsShowsFaults_100_200,True,7
catwatch,rest,bb,java,EvoMaster_faults_Test.java,test_8_getOnContributorsWithQueryParamsShowsFaults_100_200,58,getOnContributorsWithQueryParamsShowsFaults_100_200,True,7
catwatch,rest,bb,java,EvoMaster_faults_Test.java,test_9_getOnContributorsWithQueryParamsShowsFaults_100_200,58,getOnContributorsWithQueryParamsShowsFaults_100_200,True,7
catwatch,rest,bb,java,EvoMaster_faults_Test.java,test_10_getOnContributorsWithQueryParamsShowsFaults_100_200,59,getOnContributorsWithQueryParamsShowsFaults_100_200,True,7
catwatch,rest,bb,java,EvoMaster_faults_Test.java,test_11_getOnContributorsWithQueryParamsShowsFaults_100_200,59,getOnContributorsWithQueryParamsShowsFaults_100_200,True,7
catwatch,rest,bb,java,EvoMaster_faults_Test.java,test_12_getOnContributorsWithQueryParamsShowsFaults_100_200,59,getOnContributorsWithQueryParamsShowsFaults_100_200,True,7
catwatch,rest,bb,java,EvoMaster_faults_Test.java,test_13_getOnContributorsWithQueryParamsShowsFaults_100_200,59,getOnContributorsWithQueryParamsShowsFaults_100_200,True,7
catwatch,rest,bb,java,EvoMaster_faults_Test.java,test_14_optionsOnErrorReturnsSchemaInvalidResponse,50,optionsOnErrorReturnsSchemaInvalidResponse,False,1
catwatch,rest,bb,java,EvoMaster_faults_Test.java,test_15_getOnConfigReturnsSchemaInvalidResponse,47,getOnConfigReturnsSchemaInvalidResponse,False,1
catwatch,rest,bb,java,EvoMaster_faults_Test.java,test_16_getOnProjectsWithQueryParamsReturnsSchemaInvalidResponse,64,getOnProjectsWithQueryParamsReturnsSchemaInvalidResponse,True,5
catwatch,rest,bb,java,EvoMaster_faults_Test.java,test_17_getOnLanguagesWithQueryParamsReturnsSchemaInvalidResponse,65,getOnLanguagesWithQueryParamsReturnsSchemaInvalidResponse,True,2
catwatch,rest,bb,java,EvoMaster_faults_Test.java,test_18_getOnContributorsReturnsSchemaInvalidResponse,53,getOnContributorsReturnsSchemaInvalidResponse,False,1
catwatch,rest,bb,java,EvoMaster_faults_Test.java,test_19_getOnStatisticsWithQueryParamsReturnsSchemaInvalidResponse,66,getOnStatisticsWithQueryParamsReturnsSchemaInvalidResponse,True,2
catwatch,rest,bb,java,EvoMaster_faults_Test.java,test_20_getOnProjectsWithQueryParamsReturnsSchemaInvalidResponse,64,getOnProjectsWithQueryParamsReturnsSchemaInvalidResponse,True,5
catwatch,rest,bb,java,EvoMaster_faults_Test.java,test_21_getOnStatisticsWithQueryParamsReturnsSchemaInvalidResponse,66,getOnStatisticsWithQueryParamsReturnsSchemaInvalidResponse,True,2
catwatch,rest,bb,java,EvoMaster_faults_Test.java,test_22_getOnLanguagesWithQueryParamsReturnsSchemaInvalidResponse,65,getOnLanguagesWithQueryParamsReturnsSchemaInvalidResponse,True,2
catwatch,rest,bb,java,EvoMaster_faults_Test.java,test_23_getOnProjectsWithQueryParamsReturnsSchemaInvalidResponse,64,getOnProjectsWithQueryParamsReturnsSchemaInvalidResponse,True,5
catwatch,rest,bb,java,EvoMaster_faults_Test.java,test_24_getOnProjectsWithQueryParamsReturnsSchemaInvalidResponse,64,getOnProjectsWithQueryParamsReturnsSchemaInvalidResponse,True,5
catwatch,rest,bb,java,EvoMaster_faults_Test.java,test_25_getOnProjectsWithQueryParamsReturnsSchemaInvalidResponse,64,getOnProjectsWithQueryParamsReturnsSchemaInvalidResponse,True,5
catwatch,rest,bb,java,EvoMaster_faults_Test.java,test_26_getOnInitReturnsSchemaInvalidResponse,45,getOnInitReturnsSchemaInvalidResponse,False,1
catwatch,rest,bb,java,EvoMaster_faults_Test.java,test_27_getOnDeleteReturnsSchemaInvalidResponse,47,getOnDeleteReturnsSchemaInvalidResponse,False,1
catwatch,rest,bb,java,EvoMaster_faults_Test.java,test_28_postOnImportReturnsSchemaInvalidResponse,48,postOnImportReturnsSchemaInvalidResponse,False,1
catwatch,rest,bb,java,EvoMaster_faults_Test.java,test_29_postOnScoring_projectReturnsSchemaInvalidResponse,57,postOnScoring_projectReturnsSchemaInvalidResponse,False,1
catwatch,rest,wb,java,EvoMaster_successes_Test.java,test_0_getOnApi_docsReturnsObject,33,getOnApi_docsReturnsObject,False,1
catwatch,rest,wb,java,EvoMaster_successes_Test.java,test_1_getOnLanguagesWithQueryParamsReturnsEmptyList,52,getOnLanguagesWithQueryParamsReturnsEmptyList,True,5
catwatch,rest,wb,java,EvoMaster_successes_Test.java,test_2_getOnLanguagesWithQueryParamsReturnsEmptyList,52,getOnLanguagesWithQueryParamsReturnsEmptyList,True,5
catwatch,rest,wb,java,EvoMaster_successes_Test.java,test_3_getOnStatisticsWithQueryParamsReturnsEmptyList,53,getOnStatisticsWithQueryParamsReturnsEmptyList,True,2
catwatch,rest,wb,java,EvoMaster_successes_Test.java,test_4_getOnStatisticsWithQueryParamsReturnsEmptyList,53,getOnStatisticsWithQueryParamsReturnsEmptyList,True,2
catwatch,rest,wb,java,EvoMaster_successes_Test.java,test_5_getOnLanguagesWithQueryParamsReturnsEmptyList,52,getOnLanguagesWithQueryParamsReturnsEmptyList,True,5
catwatch,rest,wb,java,EvoMaster_successes_Test.java,test_6_getOnLanguagesWithQueryParamsReturnsEmptyList,52,getOnLanguagesWithQueryParamsReturnsEmptyList,True,5
catwatch,rest,wb,java,EvoMaster_successes_Test.java,test_7_getOnLanguagesWithQueryParamsReturnsEmptyList,52,getOnLanguagesWithQueryParamsReturnsEmptyList,True,5
catwatch,rest,wb,java,EvoMaster_successes_Test.java,test_8_getOnProjectsWithQueryParamsReturnsEmptyListUsingSql,59,getOnProjectsWithQueryParamsReturnsEmptyListUsingSql,True,2
catwatch,rest,wb,java,EvoMaster_successes_Test.java,test_9_getOnProjectsWithQueryParamsReturnsEmptyList,51,getOnProjectsWithQueryParamsReturnsEmptyList,True,5
catwatch,rest,wb,java,EvoMaster_successes_Test.java,test_10_getOnProjectsWithQueryParamsReturnsEmptyList,52,getOnProjectsWithQueryParamsReturnsEmptyList,True,5
catwatch,rest,wb,java,EvoMaster_successes_Test.java,test_11_getOnProjectsWithQueryParamsReturnsEmptyList,52,getOnProjectsWithQueryParamsReturnsEmptyList,True,5
catwatch,rest,wb,java,EvoMaster_successes_Test.java,test_12_getOnProjectsWithQueryParamsReturnsEmptyListUsingSql,60,getOnProjectsWithQueryParamsReturnsEmptyListUsingSql,True,2
catwatch,rest,wb,java,EvoMaster_successes_Test.java,test_13_getOnProjectsWithQueryParamsReturnsEmptyList,52,getOnProjectsWithQueryParamsReturnsEmptyList,True,5
catwatch,rest,wb,java,EvoMaster_successes_Test.java,test_14_getOnProjectsWithQueryParamsReturnsEmptyList,52,getOnProjectsWithQueryParamsReturnsEmptyList,True,5
catwatch,rest,wb,java,EvoMaster_others_Test.java,test_0_getOnFetchReturnsNull,28,getOnFetchReturnsNull,False,1
catwatch,rest,wb,java,EvoMaster_faults_Test.java,test_0_getOnProjectsShowsFaults_100_200,39,getOnProjectsShowsFaults_100_200,False,1
catwatch,rest,wb,java,EvoMaster_faults_Test.java,test_1_getOnProjectsWithQueryParamsShowsFaults_100_200UsingSql,62,getOnProjectsWithQueryParamsShowsFaults_100_200UsingSql,True,2
catwatch,rest,wb,java,EvoMaster_faults_Test.java,test_2_getOnProjectsWithQueryParamsShowsFaults_100_200UsingSql,62,getOnProjectsWithQueryParamsShowsFaults_100_200UsingSql,True,2
catwatch,rest,wb,java,EvoMaster_faults_Test.java,test_3_getOnStatisticsContributorsShowsFaults_100_200UsingSql,61,getOnStatisticsContributorsShowsFaults_100_200UsingSql,False,1
catwatch,rest,wb,java,EvoMaster_faults_Test.java,test_4_getOnContributorsWithQueryParamsShowsFaults_100_200,58,getOnContributorsWithQueryParamsShowsFaults_100_200,True,6
catwatch,rest,wb,java,EvoMaster_faults_Test.java,test_5_getOnLanguagesShowsFaults_100_200,40,getOnLanguagesShowsFaults_100_200,False,1
catwatch,rest,wb,java,EvoMaster_faults_Test.java,test_6_getOnContributorsWithQueryParamsShowsFaults_100_200,58,getOnContributorsWithQueryParamsShowsFaults_100_200,True,6
catwatch,rest,wb,java,EvoMaster_faults_Test.java,test_7_getOnContributorsWithQueryParamsEmptyOrganizationsShowsFaults_100_200,76,getOnContributorsWithQueryParamsEmptyOrganizationsShowsFaults_100_200,False,1
catwatch,rest,wb,java,EvoMaster_faults_Test.java,test_8_getOnContributorsWithQueryParamsShowsFaults_100_200UsingSql,66,getOnContributorsWithQueryParamsShowsFaults_100_200UsingSql,True,4
catwatch,rest,wb,java,EvoMaster_faults_Test.java,test_9_getOnContributorsWithQueryParamsShowsFaults_100_200,58,getOnContributorsWithQueryParamsShowsFaults_100_200,True,6
catwatch,rest,wb,java,EvoMaster_faults_Test.java,test_10_getOnContributorsWithQueryParamsShowsFaults_100_200UsingSql,67,getOnContributorsWithQueryParamsShowsFaults_100_200UsingSql,True,4
catwatch,rest,wb,java,EvoMaster_faults_Test.java,test_11_getOnContributorsWithQueryParamsShowsFaults_100_200UsingSql,67,getOnContributorsWithQueryParamsShowsFaults_100_200UsingSql,True,4
catwatch,rest,wb,java,EvoMaster_faults_Test.java,test_12_getOnContributorsWithQueryParamsShowsFaults_100_200,59,getOnContributorsWithQueryParamsShowsFaults_100_200,True,6
catwatch,rest,wb,java,EvoMaster_faults_Test.java,test_13_getOnContributorsWithQueryParamsShowsFaults_100_200,59,getOnContributorsWithQueryParamsShowsFaults_100_200,True,6
catwatch,rest,wb,java,EvoMaster_faults_Test.java,test_14_getOnContributorsWithQueryParamsShowsFaults_100_200UsingSql,67,getOnContributorsWithQueryParamsShowsFaults_100_200UsingSql,True,4
catwatch,rest,wb,java,EvoMaster_faults_Test.java,test_15_getOnContributorsWithQueryParamsShowsFaults_100_200,59,getOnContributorsWithQueryParamsShowsFaults_100_200,True,6
catwatch,rest,wb,java,EvoMaster_faults_Test.java,test_16_getOnConfigWithQueryParamsReturnsSchemaInvalidResponse,62,getOnConfigWithQueryParamsReturnsSchemaInvalidResponse,True,2
catwatch,rest,wb,java,EvoMaster_faults_Test.java,test_17_getOnExportWithQueryParamsReturnsSchemaInvalidResponseUsingSql,70,getOnExportWithQueryParamsReturnsSchemaInvalidResponseUsingSql,True,2
catwatch,rest,wb,java,EvoMaster_faults_Test.java,test_18_getOnExportWithQueryParamsReturnsSchemaInvalidResponseUsingSql,70,getOnExportWithQueryParamsReturnsSchemaInvalidResponseUsingSql,True,2
catwatch,rest,wb,java,EvoMaster_faults_Test.java,test_19_getOnProjectsWithQueryParamsReturnsSchemaInvalidResponseUsingSql,72,getOnProjectsWithQueryParamsReturnsSchemaInvalidResponseUsingSql,True,2
catwatch,rest,wb,java,EvoMaster_faults_Test.java,test_20_getOnDeleteWithQueryParamsReturnsSchemaInvalidResponse,62,getOnDeleteWithQueryParamsReturnsSchemaInvalidResponse,True,3
catwatch,rest,wb,java,EvoMaster_faults_Test.java,test_21_getOnExportWithQueryParamsReturnsSchemaInvalidResponse,62,getOnExportWithQueryParamsReturnsSchemaInvalidResponse,True,2
catwatch,rest,wb,java,EvoMaster_faults_Test.java,test_22_getOnConfigReturnsSchemaInvalidResponseUsingSql,55,getOnConfigReturnsSchemaInvalidResponseUsingSql,False,1
catwatch,rest,wb,java,EvoMaster_faults_Test.java,test_23_getOnFetchWithQueryParamsReturnsSchemaInvalidResponseUsingSql,69,getOnFetchWithQueryParamsReturnsSchemaInvalidResponseUsingSql,True,2
catwatch,rest,wb,java,EvoMaster_faults_Test.java,test_24_getOnInitReturnsSchemaInvalidResponseUsingSql,53,getOnInitReturnsSchemaInvalidResponseUsingSql,False,1
catwatch,rest,wb,java,EvoMaster_faults_Test.java,test_25_getOnStatisticsLanguagesReturnsSchemaInvalidResponse,60,getOnStatisticsLanguagesReturnsSchemaInvalidResponse,False,1
catwatch,rest,wb,java,EvoMaster_faults_Test.java,test_26_getOnStatisticsReturnsSchemaInvalidResponse,51,getOnStatisticsReturnsSchemaInvalidResponse,False,1
catwatch,rest,wb,java,EvoMaster_faults_Test.java,test_27_getOnProjectsWithQueryParamsReturnsSchemaInvalidResponse,64,getOnProjectsWithQueryParamsReturnsSchemaInvalidResponse,True,7
catwatch,rest,wb,java,EvoMaster_faults_Test.java,test_28_getOnContributorsWithQueryParamsReturnsSchemaInvalidResponseUsingSql,76,getOnContributorsWithQueryParamsReturnsSchemaInvalidResponseUsingSql,True,2
catwatch,rest,wb,java,EvoMaster_faults_Test.java,test_29_postOnImportWithQueryParamsReturnsSchemaInvalidResponseUsingSql,71,postOnImportWithQueryParamsReturnsSchemaInvalidResponseUsingSql,True,2
catwatch,rest,wb,java,EvoMaster_faults_Test.java,test_30_postOnScoring_projectWithQueryParamsReturnsSchemaInvalidResponseUsingSql,80,postOnScoring_projectWithQueryParamsReturnsSchemaInvalidResponseUsingSql,True,2
catwatch,rest,wb,java,EvoMaster_faults_Test.java,test_31_getOnContributorsWithQueryParamsReturnsSchemaInvalidResponse,68,getOnContributorsWithQueryParamsReturnsSchemaInvalidResponse,True,6
catwatch,rest,wb,java,EvoMaster_faults_Test.java,test_32_getOnProjectsWithQueryParamsReturnsSchemaInvalidResponse,64,getOnProjectsWithQueryParamsReturnsSchemaInvalidResponse,True,7
catwatch,rest,wb,java,EvoMaster_faults_Test.java,test_33_getOnProjectsWithQueryParamsReturnsSchemaInvalidResponse,64,getOnProjectsWithQueryParamsReturnsSchemaInvalidResponse,True,7
catwatch,rest,wb,java,EvoMaster_faults_Test.java,test_34_getOnProjectsWithQueryParamsReturnsSchemaInvalidResponse,64,getOnProjectsWithQueryParamsReturnsSchemaInvalidResponse,True,7
catwatch,rest,wb,java,EvoMaster_faults_Test.java,test_35_getOnDeleteWithQueryParamsReturnsSchemaInvalidResponse,62,getOnDeleteWithQueryParamsReturnsSchemaInvalidResponse,True,3
catwatch,rest,wb,java,EvoMaster_faults_Test.java,test_36_getOnInitWithQueryParamsReturnsSchemaInvalidResponse,60,getOnInitWithQueryParamsReturnsSchemaInvalidResponse,True,2
catwatch,rest,wb,java,EvoMaster_faults_Test.java,test_37_getOnDeleteWithQueryParamsReturnsSchemaInvalidResponse,62,getOnDeleteWithQueryParamsReturnsSchemaInvalidResponse,True,3
catwatch,rest,wb,java,EvoMaster_faults_Test.java,test_38_getOnInitWithQueryParamsReturnsSchemaInvalidResponse,60,getOnInitWithQueryParamsReturnsSchemaInvalidResponse,True,2
catwatch,rest,wb,java,EvoMaster_faults_Test.java,test_39_getOnExportWithQueryParamsReturnsSchemaInvalidResponse,62,getOnExportWithQueryParamsReturnsSchemaInvalidResponse,True,2
catwatch,rest,wb,java,EvoMaster_faults_Test.java,test_40_getOnConfigWithQueryParamsReturnsSchemaInvalidResponse,62,getOnConfigWithQueryParamsReturnsSchemaInvalidResponse,True,2
catwatch,rest,wb,java,EvoMaster_faults_Test.java,test_41_getOnFetchWithQueryParamsReturnsSchemaInvalidResponseUsingSql,69,getOnFetchWithQueryParamsReturnsSchemaInvalidResponseUsingSql,True,2
catwatch,rest,wb,java,EvoMaster_faults_Test.java,test_42_getOnStatisticsReturnsSchemaInvalidResponseUsingSql,59,getOnStatisticsReturnsSchemaInvalidResponseUsingSql,False,1
catwatch,rest,wb,java,EvoMaster_faults_Test.java,test_43_getOnContributorsWithQueryParamsReturnsSchemaInvalidResponseUsingSql,76,getOnContributorsWithQueryParamsReturnsSchemaInvalidResponseUsingSql,True,2
catwatch,rest,wb,java,EvoMaster_faults_Test.java,test_44_getOnLanguagesReturnsSchemaInvalidResponseUsingSql,58,getOnLanguagesReturnsSchemaInvalidResponseUsingSql,False,1
catwatch,rest,wb,java,EvoMaster_faults_Test.java,test_45_getOnProjectsWithQueryParamsReturnsSchemaInvalidResponse,64,getOnProjectsWithQueryParamsReturnsSchemaInvalidResponse,True,7
catwatch,rest,wb,java,EvoMaster_faults_Test.java,test_46_getOnStatisticsProjectsReturnsSchemaInvalidResponseUsingSql,67,getOnStatisticsProjectsReturnsSchemaInvalidResponseUsingSql,False,1
catwatch,rest,wb,java,EvoMaster_faults_Test.java,test_47_getOnContributorsWithQueryParamsReturnsSchemaInvalidResponse,68,getOnContributorsWithQueryParamsReturnsSchemaInvalidResponse,True,6
catwatch,rest,wb,java,EvoMaster_faults_Test.java,test_48_getOnLanguagesWithQueryParamsReturnsSchemaInvalidResponse,65,getOnLanguagesWithQueryParamsReturnsSchemaInvalidResponse,True,3
catwatch,rest,wb,java,EvoMaster_faults_Test.java,test_49_postOnImportWithQueryParamsReturnsSchemaInvalidResponse,63,postOnImportWithQueryParamsReturnsSchemaInvalidResponse,True,4
catwatch,rest,wb,java,EvoMaster_faults_Test.java,test_50_postOnImportWithQueryParamsReturnsSchemaInvalidResponseUsingSql,71,postOnImportWithQueryParamsReturnsSchemaInvalidResponseUsingSql,True,2
catwatch,rest,wb,java,EvoMaster_faults_Test.java,test_51_getOnLanguagesWithQueryParamsReturnsSchemaInvalidResponse,65,getOnLanguagesWithQueryParamsReturnsSchemaInvalidResponse,True,3
catwatch,rest,wb,java,EvoMaster_faults_Test.java,test_52_postOnScoring_projectWithQueryParamsReturnsSchemaInvalidResponse,72,postOnScoring_projectWithQueryParamsReturnsSchemaInvalidResponse,True,3
catwatch,rest,wb,java,EvoMaster_faults_Test.java,test_53_postOnImportWithQueryParamsReturnsSchemaInvalidResponse,63,postOnImportWithQueryParamsReturnsSchemaInvalidResponse,True,4
catwatch,rest,wb,java,EvoMaster_faults_Test.java,test_54_postOnImportWithQueryParamsReturnsSchemaInvalidResponse,63,postOnImportWithQueryParamsReturnsSchemaInvalidResponse,True,4
catwatch,rest,wb,java,EvoMaster_faults_Test.java,test_55_getOnLanguagesWithQueryParamsReturnsSchemaInvalidResponse,65,getOnLanguagesWithQueryParamsReturnsSchemaInvalidResponse,True,3
catwatch,rest,wb,java,EvoMaster_faults_Test.java,test_56_postOnImportWithQueryParamsReturnsSchemaInvalidResponse,63,postOnImportWithQueryParamsReturnsSchemaInvalidResponse,True,4
catwatch,rest,wb,java,EvoMaster_faults_Test.java,test_57_getOnContributorsWithQueryParamsReturnsSchemaInvalidResponse,68,getOnContributorsWithQueryParamsReturnsSchemaInvalidResponse,True,6
catwatch,rest,wb,java,EvoMaster_faults_Test.java,test_58_postOnScoring_projectWithQueryParamsReturnsSchemaInvalidResponse,72,postOnScoring_projectWithQueryParamsReturnsSchemaInvalidResponse,True,3
catwatch,rest,wb,java,EvoMaster_faults_Test.java,test_59_postOnScoring_projectWithQueryParamsReturnsSchemaInvalidResponse,72,postOnScoring_projectWithQueryParamsReturnsSchemaInvalidResponse,True,3
catwatch,rest,wb,java,EvoMaster_faults_Test.java,test_60_postOnScoring_projectWithQueryParamsReturnsSchemaInvalidResponseUsingSql,80,postOnScoring_projectWithQueryParamsReturnsSchemaInvalidResponseUsingSql,True,2
catwatch,rest,wb,java,EvoMaster_faults_Test.java,test_61_getOnContributorsWithQueryParamsReturnsSchemaInvalidResponse,68,getOnContributorsWithQueryParamsReturnsSchemaInvalidResponse,True,6
catwatch,rest,wb,java,EvoMaster_faults_Test.java,test_62_getOnContributorsWithQueryParamsReturnsSchemaInvalidResponse,68,getOnContributorsWithQueryParamsReturnsSchemaInvalidResponse,True,6
catwatch,rest,wb,java,EvoMaster_faults_Test.java,test_63_getOnContributorsWithQueryParamsReturnsSchemaInvalidResponse,68,getOnContributorsWithQueryParamsReturnsSchemaInvalidResponse,True,6
catwatch,rest,wb,java,EvoMaster_faults_Test.java,test_64_getOnProjectsWithQueryParamsReturnsSchemaInvalidResponseUsingSql,72,getOnProjectsWithQueryParamsReturnsSchemaInvalidResponseUsingSql,True,2
catwatch,rest,wb,java,EvoMaster_faults_Test.java,test_65_getOnProjectsWithQueryParamsReturnsSchemaInvalidResponse,64,getOnProjectsWithQueryParamsReturnsSchemaInvalidResponse,True,7
catwatch,rest,wb,java,EvoMaster_faults_Test.java,test_66_getOnProjectsWithQueryParamsReturnsSchemaInvalidResponse,64,getOnProjectsWithQueryParamsReturnsSchemaInvalidResponse,True,7
rest-scs,rest,wb,java,EvoMaster_successes_Test.java,test_0_getOnApi_docsReturnsObject,33,getOnApi_docsReturnsObject,False,1
rest-scs,rest,wb,java,EvoMaster_successes_Test.java,test_1_getOnOrdered4ReturnsContent,34,getOnOrdered4ReturnsContent,False,1
rest-scs,rest,wb,java,EvoMaster_successes_Test.java,test_2_getOnFilesuffixReturnsContent,36,getOnFilesuffixReturnsContent,False,1
rest-scs,rest,wb,java,EvoMaster_successes_Test.java,test_3_getOnApiPatReturnsContent,32,getOnApiPatReturnsContent,False,1
rest-scs,rest,wb,java,EvoMaster_successes_Test.java,test_4_getOnText2txtWithQueryParamReturnsContent,48,getOnText2txtWithQueryParamReturnsContent,True,3
rest-scs,rest,wb,java,EvoMaster_successes_Test.java,test_5_getOnText2txtWithQueryParamReturnsContent,48,getOnText2txtWithQueryParamReturnsContent,True,3
rest-scs,rest,wb,java,EvoMaster_successes_Test.java,test_6_getOnCostfunWithQueryParamReturnsContent,47,getOnCostfunWithQueryParamReturnsContent,True,2
rest-scs,rest,wb,java,EvoMaster_successes_Test.java,test_7_getOnDateparsWithQueryParamReturnsContent,48,getOnDateparsWithQueryParamReturnsContent,True,15
rest-scs,rest,wb,java,EvoMaster_successes_Test.java,test_8_getOnDateparsWithQueryParamReturnsContent,48,getOnDateparsWithQueryParamReturnsContent,True,15
rest-scs,rest,wb,java,EvoMaster_successes_Test.java,test_9_getOnDateparsWithQueryParamReturnsContent,48,getOnDateparsWithQueryParamReturnsContent,True,15
rest-scs,rest,wb,java,EvoMaster_successes_Test.java,test_10_getOnDateparsWithQueryParamReturnsContent,49,getOnDateparsWithQueryParamReturnsContent,True,15
rest-scs,rest,wb,java,EvoMaster_successes_Test.java,test_11_getOnDateparsWithQueryParamReturnsContent,49,getOnDateparsWithQueryParamReturnsContent,True,15
rest-scs,rest,wb,java,EvoMaster_successes_Test.java,test_12_getOnNotypevarWithQueryParamReturnsContent,50,getOnNotypevarWithQueryParamReturnsContent,True,2
rest-scs,rest,wb,java,EvoMaster_successes_Test.java,test_13_getOnNotypevarWithQueryParamReturnsContent,50,getOnNotypevarWithQueryParamReturnsContent,True,2
rest-scs,rest,wb,java,EvoMaster_successes_Test.java,test_14_getOnText2txtWithQueryParamReturnsContent,49,getOnText2txtWithQueryParamReturnsContent,True,3
rest-scs,rest,wb,java,EvoMaster_successes_Test.java,test_15_getOnCookiWithQueryParamReturnsContent,46,getOnCookiWithQueryParamReturnsContent,True,2
rest-scs,rest,wb,java,EvoMaster_successes_Test.java,test_16_getOnCookiWithQueryParamReturnsContent,46,getOnCookiWithQueryParamReturnsContent,True,2
rest-scs,rest,wb,java,EvoMaster_successes_Test.java,test_17_getOnCostfunWithQueryParamReturnsContent,48,getOnCostfunWithQueryParamReturnsContent,True,2
rest-scs,rest,wb,java,EvoMaster_successes_Test.java,test_18_getOnDateparsWithQueryParamReturnsContent,49,getOnDateparsWithQueryParamReturnsContent,True,15
rest-scs,rest,wb,java,EvoMaster_successes_Test.java,test_19_getOnDateparsWithQueryParamReturnsContent,49,getOnDateparsWithQueryParamReturnsContent,True,15
rest-scs,rest,wb,java,EvoMaster_successes_Test.java,test_20_getOnDateparsWithQueryParamReturnsContent,49,getOnDateparsWithQueryParamReturnsContent,True,15
rest-scs,rest,wb,java,EvoMaster_successes_Test.java,test_21_getOnDateparsWithQueryParamReturnsContent,49,getOnDateparsWithQueryParamReturnsContent,True,15
rest-scs,rest,wb,java,EvoMaster_successes_Test.java,test_22_getOnDateparsWithQueryParamReturnsContent,49,getOnDateparsWithQueryParamReturnsContent,True,15
rest-scs,rest,wb,java,EvoMaster_successes_Test.java,test_23_getOnDateparsWithQueryParamReturnsContent,49,getOnDateparsWithQueryParamReturnsContent,True,15
rest-scs,rest,wb,java,EvoMaster_successes_Test.java,test_24_getOnDateparsWithQueryParamReturnsContent,49,getOnDateparsWithQueryParamReturnsContent,True,15
rest-scs,rest,wb,java,EvoMaster_successes_Test.java,test_25_getOnDateparsWithQueryParamReturnsContent,49,getOnDateparsWithQueryParamReturnsContent,True,15
rest-scs,rest,wb,java,EvoMaster_successes_Test.java,test_26_getOnDateparsWithQueryParamReturnsContent,49,getOnDateparsWithQueryParamReturnsContent,True,15
rest-scs,rest,wb,java,EvoMaster_successes_Test.java,test_27_getOnPatWithQueryParamReturnsContent,44,getOnPatWithQueryParamReturnsContent,False,1
rest-scs,rest,wb,java,EvoMaster_successes_Test.java,test_28_getOnTitlWithQueryParamReturnsContent,45,getOnTitlWithQueryParamReturnsContent,True,8
rest-scs,rest,wb,java,EvoMaster_successes_Test.java,test_29_getOnTitlWithQueryParamReturnsContent,45,getOnTitlWithQueryParamReturnsContent,True,8
rest-scs,rest,wb,java,EvoMaster_successes_Test.java,test_30_getOnDateparsWithQueryParamReturnsContent,49,getOnDateparsWithQueryParamReturnsContent,True,15
rest-scs,rest,wb,java,EvoMaster_successes_Test.java,test_31_getOnTitlWithQueryParamReturnsContent,45,getOnTitlWithQueryParamReturnsContent,True,8
rest-scs,rest,wb,java,EvoMaster_successes_Test.java,test_32_getOnCalcWithQueryParamReturnsContent,45,getOnCalcWithQueryParamReturnsContent,True,11
rest-scs,rest,wb,java,EvoMaster_successes_Test.java,test_33_getOnCalcWithQueryParamReturnsContent,45,getOnCalcWithQueryParamReturnsContent,True,11
rest-scs,rest,wb,java,EvoMaster_successes_Test.java,test_34_getOnCalcWithQueryParamReturnsContent,45,getOnCalcWithQueryParamReturnsContent,True,11
rest-scs,rest,wb,java,EvoMaster_successes_Test.java,test_35_getOnCalcWithQueryParamReturnsContent,45,getOnCalcWithQueryParamReturnsContent,True,11
rest-scs,rest,wb,java,EvoMaster_successes_Test.java,test_36_getOnCalcWithQueryParamReturnsContent,45,getOnCalcWithQueryParamReturnsContent,True,11
rest-scs,rest,wb,java,EvoMaster_successes_Test.java,test_37_getOnCalcWithQueryParamReturnsContent,45,getOnCalcWithQueryParamReturnsContent,True,11
rest-scs,rest,wb,java,EvoMaster_successes_Test.java,test_38_getOnCalcWithQueryParamReturnsContent,45,getOnCalcWithQueryParamReturnsContent,True,11
rest-scs,rest,wb,java,EvoMaster_successes_Test.java,test_39_getOnCalcWithQueryParamReturnsContent,45,getOnCalcWithQueryParamReturnsContent,True,11
rest-scs,rest,wb,java,EvoMaster_successes_Test.java,test_40_getOnCalcWithQueryParamReturnsContent,45,getOnCalcWithQueryParamReturnsContent,True,11
rest-scs,rest,wb,java,EvoMaster_successes_Test.java,test_41_getOnCalcWithQueryParamReturnsContent,45,getOnCalcWithQueryParamReturnsContent,True,11
rest-scs,rest,wb,java,EvoMaster_successes_Test.java,test_42_getOnCalcWithQueryParamReturnsContent,45,getOnCalcWithQueryParamReturnsContent,True,11
rest-scs,rest,wb,java,EvoMaster_successes_Test.java,test_43_getOnTitlWithQueryParamReturnsContent,45,getOnTitlWithQueryParamReturnsContent,True,8
rest-scs,rest,wb,java,EvoMaster_successes_Test.java,test_44_getOnTitlWithQueryParamReturnsContent,45,getOnTitlWithQueryParamReturnsContent,True,8
rest-scs,rest,wb,java,EvoMaster_successes_Test.java,test_45_getOnTitlWithQueryParamReturnsContent,45,getOnTitlWithQueryParamReturnsContent,True,8
rest-scs,rest,wb,java,EvoMaster_successes_Test.java,test_46_getOnTitlWithQueryParamReturnsContent,45,getOnTitlWithQueryParamReturnsContent,True,8
rest-scs,rest,wb,java,EvoMaster_successes_Test.java,test_47_getOnTitlWithQueryParamReturnsContent,45,getOnTitlWithQueryParamReturnsContent,True,8
rest-scs,rest,wb,java,EvoMaster_faults_Test.java,test_0_getOnText2txtWithQueryParamReturnsSchemaInvalidResponse,62,getOnText2txtWithQueryParamReturnsSchemaInvalidResponse,True,5
rest-scs,rest,wb,java,EvoMaster_faults_Test.java,test_1_getOnText2txtWithQueryParamReturnsSchemaInvalidResponse,62,getOnText2txtWithQueryParamReturnsSchemaInvalidResponse,True,5
rest-scs,rest,wb,java,EvoMaster_faults_Test.java,test_2_getOnText2txtWithQueryParamReturnsSchemaInvalidResponse,62,getOnText2txtWithQueryParamReturnsSchemaInvalidResponse,True,5
rest-scs,rest,wb,java,EvoMaster_faults_Test.java,test_3_getOnCookiWithQueryParamReturnsSchemaInvalidResponse,59,getOnCookiWithQueryParamReturnsSchemaInvalidResponse,True,2
rest-scs,rest,wb,java,EvoMaster_faults_Test.java,test_4_getOnDateparsWithQueryParamReturnsSchemaInvalidResponse,62,getOnDateparsWithQueryParamReturnsSchemaInvalidResponse,True,2
rest-scs,rest,wb,java,EvoMaster_faults_Test.java,test_5_getOnPatWithQueryParamReturnsSchemaInvalidResponse,57,getOnPatWithQueryParamReturnsSchemaInvalidResponse,True,28
rest-scs,rest,wb,java,EvoMaster_faults_Test.java,test_6_getOnText2txtWithQueryParamReturnsSchemaInvalidResponse,62,getOnText2txtWithQueryParamReturnsSchemaInvalidResponse,True,5
rest-scs,rest,wb,java,EvoMaster_faults_Test.java,test_7_getOnOrdered4WithQueryParamReturnsSchemaInvalidResponse,62,getOnOrdered4WithQueryParamReturnsSchemaInvalidResponse,True,2
rest-scs,rest,wb,java,EvoMaster_faults_Test.java,test_8_getOnTitlWithQueryParamReturnsSchemaInvalidResponse,58,getOnTitlWithQueryParamReturnsSchemaInvalidResponse,True,2
rest-scs,rest,wb,java,EvoMaster_faults_Test.java,test_9_getOnFilesuffixWithQueryParamReturnsSchemaInvalidResponse,64,getOnFilesuffixWithQueryParamReturnsSchemaInvalidResponse,True,2
rest-scs,rest,wb,java,EvoMaster_faults_Test.java,test_10_getOnPatWithQueryParamReturnsSchemaInvalidResponse,58,getOnPatWithQueryParamReturnsSchemaInvalidResponse,True,28
rest-scs,rest,wb,java,EvoMaster_faults_Test.java,test_11_getOnNotypevarReturnsSchemaInvalidResponse,50,getOnNotypevarReturnsSchemaInvalidResponse,False,1
rest-scs,rest,wb,java,EvoMaster_faults_Test.java,test_12_getOnCalcReturnsSchemaInvalidResponse,45,getOnCalcReturnsSchemaInvalidResponse,False,1
rest-scs,rest,wb,java,EvoMaster_faults_Test.java,test_13_getOnCostfunReturnsSchemaInvalidResponse,48,getOnCostfunReturnsSchemaInvalidResponse,False,1
rest-scs,rest,wb,java,EvoMaster_faults_Test.java,test_14_getOnText2txtWithQueryParamReturnsSchemaInvalidResponse,63,getOnText2txtWithQueryParamReturnsSchemaInvalidResponse,True,5
rest-scs,rest,wb,java,EvoMaster_faults_Test.java,test_15_getOnFilesuffixWithQueryParamReturnsSchemaInvalidResponse,65,getOnFilesuffixWithQueryParamReturnsSchemaInvalidResponse,True,2
rest-scs,rest,wb,java,EvoMaster_faults_Test.java,test_16_getOnOrdered4WithQueryParamReturnsSchemaInvalidResponse,63,getOnOrdered4WithQueryParamReturnsSchemaInvalidResponse,True,2
rest-scs,rest,wb,java,EvoMaster_faults_Test.java,test_17_getOnPatWithQueryParamReturnsSchemaInvalidResponse,58,getOnPatWithQueryParamReturnsSchemaInvalidResponse,True,28
rest-scs,rest,wb,java,EvoMaster_faults_Test.java,test_18_getOnPatWithQueryParamReturnsSchemaInvalidResponse,58,getOnPatWithQueryParamReturnsSchemaInvalidResponse,True,28
rest-scs,rest,wb,java,EvoMaster_faults_Test.java,test_19_getOnPatWithQueryParamReturnsSchemaInvalidResponse,58,getOnPatWithQueryParamReturnsSchemaInvalidResponse,True,28
rest-scs,rest,wb,java,EvoMaster_faults_Test.java,test_20_getOnPatWithQueryParamReturnsSchemaInvalidResponse,58,getOnPatWithQueryParamReturnsSchemaInvalidResponse,True,28
rest-scs,rest,wb,java,EvoMaster_faults_Test.java,test_21_getOnPatWithQueryParamReturnsSchemaInvalidResponse,58,getOnPatWithQueryParamReturnsSchemaInvalidResponse,True,28
rest-scs,rest,wb,java,EvoMaster_faults_Test.java,test_22_getOnPatWithQueryParamReturnsSchemaInvalidResponse,58,getOnPatWithQueryParamReturnsSchemaInvalidResponse,True,28
rest-scs,rest,wb,java,EvoMaster_faults_Test.java,test_23_getOnPatWithQueryParamReturnsSchemaInvalidResponse,58,getOnPatWithQueryParamReturnsSchemaInvalidResponse,True,28
rest-scs,rest,wb,java,EvoMaster_faults_Test.java,test_24_getOnPatWithQueryParamReturnsSchemaInvalidResponse,58,getOnPatWithQueryParamReturnsSchemaInvalidResponse,True,28
rest-scs,rest,wb,java,EvoMaster_faults_Test.java,test_25_getOnPatWithQueryParamReturnsSchemaInvalidResponse,58,getOnPatWithQueryParamReturnsSchemaInvalidResponse,True,28
rest-scs,rest,wb,java,EvoMaster_faults_Test.java,test_26_getOnPatWithQueryParamReturnsSchemaInvalidResponse,58,getOnPatWithQueryParamReturnsSchemaInvalidResponse,True,28
rest-scs,rest,wb,java,EvoMaster_faults_Test.java,test_27_getOnPatWithQueryParamReturnsSchemaInvalidResponse,58,getOnPatWithQueryParamReturnsSchemaInvalidResponse,True,28
rest-scs,rest,wb,java,EvoMaster_faults_Test.java,test_28_getOnPatWithQueryParamReturnsSchemaInvalidResponse,58,getOnPatWithQueryParamReturnsSchemaInvalidResponse,True,28
rest-scs,rest,wb,java,EvoMaster_faults_Test.java,test_29_getOnPatWithQueryParamReturnsSchemaInvalidResponse,58,getOnPatWithQueryParamReturnsSchemaInvalidResponse,True,28
rest-scs,rest,wb,java,EvoMaster_faults_Test.java,test_30_getOnPatWithQueryParamReturnsSchemaInvalidResponse,58,getOnPatWithQueryParamReturnsSchemaInvalidResponse,True,28
rest-scs,rest,wb,java,EvoMaster_faults_Test.java,test_31_getOnPatWithQueryParamReturnsSchemaInvalidResponse,58,getOnPatWithQueryParamReturnsSchemaInvalidResponse,True,28
rest-scs,rest,wb,java,EvoMaster_faults_Test.java,test_32_getOnPatWithQueryParamReturnsSchemaInvalidResponse,58,getOnPatWithQueryParamReturnsSchemaInvalidResponse,True,28
rest-scs,rest,wb,java,EvoMaster_faults_Test.java,test_33_getOnPatWithQueryParamReturnsSchemaInvalidResponse,58,getOnPatWithQueryParamReturnsSchemaInvalidResponse,True,28
rest-scs,rest,wb,java,EvoMaster_faults_Test.java,test_34_getOnPatWithQueryParamReturnsSchemaInvalidResponse,58,getOnPatWithQueryParamReturnsSchemaInvalidResponse,True,28
rest-scs,rest,wb,java,EvoMaster_faults_Test.java,test_35_getOnPatWithQueryParamReturnsSchemaInvalidResponse,58,getOnPatWithQueryParamReturnsSchemaInvalidResponse,True,28
rest-scs,rest,wb,java,EvoMaster_faults_Test.java,test_36_getOnPatWithQueryParamReturnsSchemaInvalidResponse,58,getOnPatWithQueryParamReturnsSchemaInvalidResponse,True,28
rest-scs,rest,wb,java,EvoMaster_faults_Test.java,test_37_getOnCookiWithQueryParamReturnsSchemaInvalidResponse,60,getOnCookiWithQueryParamReturnsSchemaInvalidResponse,True,2
rest-scs,rest,wb,java,EvoMaster_faults_Test.java,test_38_getOnPatWithQueryParamReturnsSchemaInvalidResponse,58,getOnPatWithQueryParamReturnsSchemaInvalidResponse,True,28
rest-scs,rest,wb,java,EvoMaster_faults_Test.java,test_39_getOnPatWithQueryParamReturnsSchemaInvalidResponse,58,getOnPatWithQueryParamReturnsSchemaInvalidResponse,True,28
rest-scs,rest,wb,java,EvoMaster_faults_Test.java,test_40_getOnPatWithQueryParamReturnsSchemaInvalidResponse,58,getOnPatWithQueryParamReturnsSchemaInvalidResponse,True,28
rest-scs,rest,wb,java,EvoMaster_faults_Test.java,test_41_getOnPatWithQueryParamReturnsSchemaInvalidResponse,58,getOnPatWithQueryParamReturnsSchemaInvalidResponse,True,28
rest-scs,rest,wb,java,EvoMaster_faults_Test.java,test_42_getOnPatWithQueryParamReturnsSchemaInvalidResponse,58,getOnPatWithQueryParamReturnsSchemaInvalidResponse,True,28
rest-scs,rest,wb,java,EvoMaster_faults_Test.java,test_43_getOnPatWithQueryParamReturnsSchemaInvalidResponse,58,getOnPatWithQueryParamReturnsSchemaInvalidResponse,True,28
rest-scs,rest,wb,java,EvoMaster_faults_Test.java,test_44_getOnTitlWithQueryParamReturnsSchemaInvalidResponse,59,getOnTitlWithQueryParamReturnsSchemaInvalidResponse,True,2
rest-scs,rest,wb,java,EvoMaster_faults_Test.java,test_45_getOnDateparsWithQueryParamReturnsSchemaInvalidResponse,63,getOnDateparsWithQueryParamReturnsSchemaInvalidResponse,True,2
session-service,rest,bb,java,EvoMaster_successes_Test.java,test_0_getOnInfoReturnsContent,30,getOnInfoReturnsContent,False,1
session-service,rest,bb,java,EvoMaster_successes_Test.java,test_1_getOnApi_docsReturnsObject,33,getOnApi_docsReturnsObject,False,1
session-service,rest,bb,java,EvoMaster_faults_Test.java,test_0_deleteOnSessionShowsFaults_100_200,41,deleteOnSessionShowsFaults_100_200,False,1
session-service,rest,bb,java,EvoMaster_faults_Test.java,test_1_getOnSessionShowsFaults_100_200,38,getOnSessionShowsFaults_100_200,True,7
session-service,rest,bb,java,EvoMaster_faults_Test.java,test_2_getOnSessionShowsFaults_100_200,38,getOnSessionShowsFaults_100_200,True,7
session-service,rest,bb,java,EvoMaster_faults_Test.java,test_3_putOnSessionShowsFaults_100_200,38,putOnSessionShowsFaults_100_200,True,4
session-service,rest,bb,java,EvoMaster_faults_Test.java,test_4_getOnQueryWithQueryParamsShowsFaults_100_200,51,getOnQueryWithQueryParamsShowsFaults_100_200,True,5
session-service,rest,bb,java,EvoMaster_faults_Test.java,test_5_getOnSessionReturnsSchemaInvalidResponse,47,getOnSessionReturnsSchemaInvalidResponse,False,1
session-service,rest,bb,java,EvoMaster_faults_Test.java,test_6_getOnSessionShowsFaults_100_200,38,getOnSessionShowsFaults_100_200,True,7
session-service,rest,bb,java,EvoMaster_faults_Test.java,test_7_getOnSessionShowsFaults_100_200,38,getOnSessionShowsFaults_100_200,True,7
session-service,rest,bb,java,EvoMaster_faults_Test.java,test_8_getOnSessionShowsFaults_100_200,38,getOnSessionShowsFaults_100_200,True,7
session-service,rest,bb,java,EvoMaster_faults_Test.java,test_9_getOnSessionShowsFaults_100_200,38,getOnSessionShowsFaults_100_200,True,7
session-service,rest,bb,java,EvoMaster_faults_Test.java,test_10_getOnSessionShowsFaults_100_200,39,getOnSessionShowsFaults_100_200,True,7
session-service,rest,bb,java,EvoMaster_faults_Test.java,test_11_getOnQueryWithQueryParamsShowsFaults_100_200,52,getOnQueryWithQueryParamsShowsFaults_100_200,True,5
session-service,rest,bb,java,EvoMaster_faults_Test.java,test_12_putOnSessionShowsFaults_100_200,39,putOnSessionShowsFaults_100_200,True,4
session-service,rest,bb,java,EvoMaster_faults_Test.java,test_13_putOnSessionShowsFaults_100_200,39,putOnSessionShowsFaults_100_200,True,4
session-service,rest,bb,java,EvoMaster_faults_Test.java,test_14_getOnQueryWithQueryParamsShowsFaults_100_200,52,getOnQueryWithQueryParamsShowsFaults_100_200,True,5
session-service,rest,bb,java,EvoMaster_faults_Test.java,test_15_getOnQueryWithQueryParamsShowsFaults_100_200,52,getOnQueryWithQueryParamsShowsFaults_100_200,True,5
session-service,rest,bb,java,EvoMaster_faults_Test.java,test_16_getOnQueryWithQueryParamsShowsFaults_100_200,52,getOnQueryWithQueryParamsShowsFaults_100_200,True,5
session-service,rest,bb,java,EvoMaster_faults_Test.java,test_17_putOnSessionShowsFaults_100_200,39,putOnSessionShowsFaults_100_200,True,4
session-service,rest,bb,java,EvoMaster_faults_Test.java,test_18_postOnFetchReturnsSchemaInvalidResponse,47,postOnFetchReturnsSchemaInvalidResponse,True,5
session-service,rest,bb,java,EvoMaster_faults_Test.java,test_19_postOnSessionReturnsSchemaInvalidResponse,49,postOnSessionReturnsSchemaInvalidResponse,True,5
session-service,rest,bb,java,EvoMaster_faults_Test.java,test_20_postOnSessionReturnsSchemaInvalidResponse,49,postOnSessionReturnsSchemaInvalidResponse,True,5
session-service,rest,bb,java,EvoMaster_faults_Test.java,test_21_postOnSessionReturnsSchemaInvalidResponse,49,postOnSessionReturnsSchemaInvalidResponse,True,5
session-service,rest,bb,java,EvoMaster_faults_Test.java,test_22_postOnSessionReturnsSchemaInvalidResponse,49,postOnSessionReturnsSchemaInvalidResponse,True,5
session-service,rest,bb,java,EvoMaster_faults_Test.java,test_23_postOnFetchReturnsSchemaInvalidResponse,47,postOnFetchReturnsSchemaInvalidResponse,True,5
session-service,rest,bb,java,EvoMaster_faults_Test.java,test_24_postOnFetchReturnsSchemaInvalidResponse,47,postOnFetchReturnsSchemaInvalidResponse,True,5
session-service,rest,bb,java,EvoMaster_faults_Test.java,test_25_postOnFetchReturnsSchemaInvalidResponse,47,postOnFetchReturnsSchemaInvalidResponse,True,5
session-service,rest,bb,java,EvoMaster_faults_Test.java,test_26_postOnSessionReturnsSchemaInvalidResponse,49,postOnSessionReturnsSchemaInvalidResponse,True,5
session-service,rest,bb,java,EvoMaster_faults_Test.java,test_27_postOnFetchReturnsSchemaInvalidResponse,47,postOnFetchReturnsSchemaInvalidResponse,True,5
session-service,rest,bb,java,EvoMaster_faults_Test.java,test_28_deleteOnSessionReturnsSchemaInvalidResponse,51,deleteOnSessionReturnsSchemaInvalidResponse,False,1
features-service,rest,wb,java,EvoMaster_successes_Test.java,test_0_getOnSwagger_jsonReturnsObject,37,getOnSwagger_jsonReturnsObject,False,1
features-service,rest,wb,java,EvoMaster_successes_Test.java,test_1_getOnConfigurationsReturnsEmptyList,42,getOnConfigurationsReturnsEmptyList,False,1
features-service,rest,wb,java,EvoMaster_successes_Test.java,test_2_postOnProductReturns201UsingSql,38,postOnProductReturns201UsingSql,False,1
features-service,rest,wb,java,EvoMaster_successes_Test.java,test_3_deleteOnConstraintReturns204,35,deleteOnConstraintReturns204,False,1
features-service,rest,wb,java,EvoMaster_successes_Test.java,test_4_deleteOnConstraintReturns204UsingSql,43,deleteOnConstraintReturns204UsingSql,False,1
features-service,rest,wb,java,EvoMaster_successes_Test.java,test_5_getOnConfigurReturns204UsingSql,38,getOnConfigurReturns204UsingSql,False,1
features-service,rest,wb,java,EvoMaster_others_Test.java,test_0_postOnProductReturns400UsingSql,38,postOnProductReturns400UsingSql,False,1
features-service,rest,wb,java,EvoMaster_others_Test.java,test_1_deleteOnFeaturReturns400UsingSql,39,deleteOnFeaturReturns400UsingSql,False,1
features-service,rest,wb,java,EvoMaster_others_Test.java,test_2_deleteOnConstraintReturns400UsingSql,43,deleteOnConstraintReturns400UsingSql,False,1
features-service,rest,wb,java,EvoMaster_faults_Test.java,test_0_deleteOnConfigurFeaturCauses500_internalServerError,58,deleteOnConfigurFeaturCauses500_internalServerError,False,1
features-service,rest,wb,java,EvoMaster_faults_Test.java,test_1_postOnConfigurFeaturCauses500_internalServerError,56,postOnConfigurFeaturCauses500_internalServerError,False,1
features-service,rest,wb,java,EvoMaster_faults_Test.java,test_2_postOnConfigurCauses500_internalServerError,50,postOnConfigurCauses500_internalServerError,False,1
features-service,rest,wb,java,EvoMaster_faults_Test.java,test_3_postOnProductCauses500_internalServerError,49,postOnProductCauses500_internalServerError,False,1
features-service,rest,wb,java,EvoMaster_faults_Test.java,test_4_postOnProductCauses500_internalServerErrorUsingSql,57,postOnProductCauses500_internalServerErrorUsingSql,False,1
features-service,rest,wb,java,EvoMaster_faults_Test.java,test_5_deleteOnProductFeaturCauses500_internalServerError,57,deleteOnProductFeaturCauses500_internalServerError,False,1
features-service,rest,wb,java,EvoMaster_faults_Test.java,test_6_getOnProductFeaturesCauses500_internalServerError,56,getOnProductFeaturesCauses500_internalServerError,False,1
features-service,rest,wb,java,EvoMaster_faults_Test.java,test_7_getOnProductCauses500_internalServerError,48,getOnProductCauses500_internalServerError,False,1
features-service,rest,wb,java,EvoMaster_faults_Test.java,test_8_deleteOnProductCauses500_internalServerError,51,deleteOnProductCauses500_internalServerError,False,1
features-service,rest,wb,java,EvoMaster_faults_Test.java,test_9_postOnRequiresCauses500_internalServerError,50,postOnRequiresCauses500_internalServerError,False,1
features-service,rest,wb,java,EvoMaster_faults_Test.java,test_10_postOnExcludesCauses500_internalServerError,51,postOnExcludesCauses500_internalServerError,False,1
features-service,rest,wb,java,EvoMaster_faults_Test.java,test_11_putOnFeaturCauses500_internalServerError,48,putOnFeaturCauses500_internalServerError,False,1
features-service,rest,wb,java,EvoMaster_faults_Test.java,test_12_getOnConfigurFeaturesCauses500_internalServerError,58,getOnConfigurFeaturesCauses500_internalServerError,False,1
features-service,rest,wb,java,EvoMaster_faults_Test.java,test_13_deleteOnConfigurCauses500_internalServerErrorUsingSql,61,deleteOnConfigurCauses500_internalServerErrorUsingSql,False,1
features-service,rest,wb,java,EvoMaster_faults_Test.java,test_14_postOnProductFeaturCauses500_internalServerError,56,postOnProductFeaturCauses500_internalServerError,False,1
rest-news,rest,bb,java,EvoMaster_successes_Test.java,test_0_getOnCountriesReturns247Elements,39,getOnCountriesReturns247Elements,False,1
rest-news,rest,bb,java,EvoMaster_successes_Test.java,test_1_getOnApi_docsReturnsObject,33,getOnApi_docsReturnsObject,False,1
rest-news,rest,bb,java,EvoMaster_successes_Test.java,test_2_getOnNewsReturns5Elements,32,getOnNewsReturns5Elements,False,1
rest-news,rest,bb,java,EvoMaster_successes_Test.java,test_3_getOnNewsWithQueryParamsReturnsEmptyList,47,getOnNewsWithQueryParamsReturnsEmptyList,True,2
rest-news,rest,bb,java,EvoMaster_successes_Test.java,test_4_getOnNewsWithQueryParamsReturnsEmptyList,47,getOnNewsWithQueryParamsReturnsEmptyList,True,2
rest-news,rest,bb,java,EvoMaster_successes_Test.java,test_5_postOnNewsReturns201,27,postOnNewsReturns201,False,1
rest-news,rest,bb,java,EvoMaster_others_Test.java,test_0_deleteOnNewReturns400,28,deleteOnNewReturns400,False,1
rest-news,rest,bb,java,EvoMaster_others_Test.java,test_1_putOnNewReturns400,25,putOnNewReturns400,False,1
rest-news,rest,bb,java,EvoMaster_others_Test.java,test_2_postOnNewsReturns400,27,postOnNewsReturns400,True,2
rest-news,rest,bb,java,EvoMaster_others_Test.java,test_3_postOnNewsReturns400,27,postOnNewsReturns400,True,2
rest-news,rest,bb,java,EvoMaster_others_Test.java,test_4_putOnTextReturns400,26,putOnTextReturns400,True,2
rest-news,rest,bb,java,EvoMaster_others_Test.java,test_5_putOnTextReturns400,26,putOnTextReturns400,True,2
rest-news,rest,bb,java,EvoMaster_others_Test.java,test_6_getOnNewReturns404,25,getOnNewReturns404,False,1
rest-news,rest,bb,java,EvoMaster_others_Test.java,test_7_deleteOnNewReturns404,28,deleteOnNewReturns404,False,1
rest-news,rest,bb,java,EvoMaster_others_Test.java,test_8_putOnNewReturns404,25,putOnNewReturns404,False,1
rest-news,rest,bb,java,EvoMaster_others_Test.java,test_9_putOnTextReturns404,26,putOnTextReturns404,False,1
rest-news,rest,wb,java,EvoMaster_successes_Test.java,test_0_getOnApi_docsReturnsObject,33,getOnApi_docsReturnsObject,False,1
rest-news,rest,wb,java,EvoMaster_successes_Test.java,test_1_getOnNewWithQueryParamsReturnsObjectUsingSql,51,getOnNewWithQueryParamsReturnsObjectUsingSql,True,2
rest-news,rest,wb,java,EvoMaster_successes_Test.java,test_2_getOnCountriesWithQueryParamsReturns247Elements,54,getOnCountriesWithQueryParamsReturns247Elements,True,3
rest-news,rest,wb,java,EvoMaster_successes_Test.java,test_3_getOnNewsWithQueryParamsReturnsEmptyList,47,getOnNewsWithQueryParamsReturnsEmptyList,True,2
rest-news,rest,wb,java,EvoMaster_successes_Test.java,test_4_getOnCountriesWithQueryParamsReturns247Elements,54,getOnCountriesWithQueryParamsReturns247Elements,True,3
rest-news,rest,wb,java,EvoMaster_successes_Test.java,test_5_getOnCountriesWithQueryParamsReturns247Elements,54,getOnCountriesWithQueryParamsReturns247Elements,True,3
rest-news,rest,wb,java,EvoMaster_successes_Test.java,test_6_getOnNewWithQueryParamsReturnsObjectUsingSql,51,getOnNewWithQueryParamsReturnsObjectUsingSql,True,2
rest-news,rest,wb,java,EvoMaster_successes_Test.java,test_7_getOnNewsWithQueryParamsReturnsEmptyListUsingSql,55,getOnNewsWithQueryParamsReturnsEmptyListUsingSql,True,4
rest-news,rest,wb,java,EvoMaster_successes_Test.java,test_8_getOnNewsWithQueryParamsReturnsEmptyList,47,getOnNewsWithQueryParamsReturnsEmptyList,True,2
rest-news,rest,wb,java,EvoMaster_successes_Test.java,test_9_getOnNewsWithQueryParamsReturnsEmptyListUsingSql,55,getOnNewsWithQueryParamsReturnsEmptyListUsingSql,True,4
rest-news,rest,wb,java,EvoMaster_successes_Test.java,test_10_getOnNewsWithQueryParamsReturnsEmptyListUsingSql,56,getOnNewsWithQueryParamsReturnsEmptyListUsingSql,True,4
rest-news,rest,wb,java,EvoMaster_successes_Test.java,test_11_getOnNewsWithQueryParamsReturnsEmptyListUsingSql,56,getOnNewsWithQueryParamsReturnsEmptyListUsingSql,True,4
rest-news,rest,wb,java,EvoMaster_successes_Test.java,test_12_deleteOnNewWithQueryParamsReturns204UsingSql,52,deleteOnNewWithQueryParamsReturns204UsingSql,True,3
rest-news,rest,wb,java,EvoMaster_successes_Test.java,test_13_putOnTextWithQueryParamReturns204UsingSql,49,putOnTextWithQueryParamReturns204UsingSql,False,1
rest-news,rest,wb,java,EvoMaster_successes_Test.java,test_14_deleteOnNewWithQueryParamsReturns204UsingSql,52,deleteOnNewWithQueryParamsReturns204UsingSql,True,3
rest-news,rest,wb,java,EvoMaster_successes_Test.java,test_15_deleteOnNewWithQueryParamsReturns204UsingSql,52,deleteOnNewWithQueryParamsReturns204UsingSql,True,3
rest-news,rest,wb,java,EvoMaster_successes_Test.java,test_16_putOnTextWithQueryParamsReturns204UsingSql,50,putOnTextWithQueryParamsReturns204UsingSql,True,2
rest-news,rest,wb,java,EvoMaster_successes_Test.java,test_17_putOnTextWithQueryParamsReturns204UsingSql,50,putOnTextWithQueryParamsReturns204UsingSql,True,2
rest-news,rest,wb,java,EvoMaster_others_Test.java,test_0_deleteOnNewReturns400,28,deleteOnNewReturns400,False,1
rest-news,rest,wb,java,EvoMaster_others_Test.java,test_1_postOnNewsReturns400,27,postOnNewsReturns400,False,1
rest-news,rest,wb,java,EvoMaster_others_Test.java,test_2_putOnNewReturns400,25,putOnNewReturns400,False,1
rest-news,rest,wb,java,EvoMaster_others_Test.java,test_3_postOnNewsWithQueryParamsReturns400UsingSql,50,postOnNewsWithQueryParamsReturns400UsingSql,True,2
rest-news,rest,wb,java,EvoMaster_others_Test.java,test_4_postOnNewsWithQueryParamsReturns400UsingSql,50,postOnNewsWithQueryParamsReturns400UsingSql,True,2
rest-news,rest,wb,java,EvoMaster_others_Test.java,test_5_putOnTextReturns400,26,putOnTextReturns400,False,1
rest-news,rest,wb,java,EvoMaster_others_Test.java,test_6_deleteOnNewReturns404UsingSql,36,deleteOnNewReturns404UsingSql,False,1
rest-news,rest,wb,java,EvoMaster_others_Test.java,test_7_getOnNewReturns404,25,getOnNewReturns404,False,1
rest-news,rest,wb,java,EvoMaster_others_Test.java,test_8_getOnNewReturns404UsingSql,33,getOnNewReturns404UsingSql,False,1
rest-news,rest,wb,java,EvoMaster_others_Test.java,test_9_deleteOnNewReturns404,28,deleteOnNewReturns404,False,1
rest-news,rest,wb,java,EvoMaster_others_Test.java,test_10_putOnNewReturns404,26,putOnNewReturns404,False,1
rest-news,rest,wb,java,EvoMaster_others_Test.java,test_11_putOnTextReturns404,27,putOnTextReturns404,False,1
rest-news,rest,wb,java,EvoMaster_others_Test.java,test_12_putOnNewReturns405UsingSql,34,putOnNewReturns405UsingSql,False,1
rest-news,rest,wb,java,EvoMaster_others_Test.java,test_13_putOnNewWithQueryParamReturns409UsingSql,48,putOnNewWithQueryParamReturns409UsingSql,True,2
rest-news,rest,wb,java,EvoMaster_others_Test.java,test_14_putOnNewReturns409,26,putOnNewReturns409,False,1
rest-news,rest,wb,java,EvoMaster_others_Test.java,test_15_putOnNewWithQueryParamReturns409UsingSql,48,putOnNewWithQueryParamReturns409UsingSql,True,2
rest-news,rest,wb,java,EvoMaster_others_Test.java,test_16_putOnNewWithQueryParamsReturns409UsingSql,49,putOnNewWithQueryParamsReturns409UsingSql,False,1
rest-news,rest,wb,java,EvoMaster_faults_Test.java,test_0_postOnNewsWithQueryParamCauses500_internalServerError,60,postOnNewsWithQueryParamCauses500_internalServerError,True,2
rest-news,rest,wb,java,EvoMaster_faults_Test.java,test_1_postOnNewsWithQueryParamCauses500_internalServerError,60,postOnNewsWithQueryParamCauses500_internalServerError,True,2
rest-news,rest,wb,java,EvoMaster_faults_Test.java,test_2_putOnNewCauses500_internalServerErrorUsingSql,52,putOnNewCauses500_internalServerErrorUsingSql,False,1
rest-news,rest,wb,java,EvoMaster_faults_Test.java,test_3_putOnTextCauses500_internalServerErrorUsingSql,53,putOnTextCauses500_internalServerErrorUsingSql,False,1
rest-ncs,rest,wb,java,EvoMaster_successes_Test.java,test_0_getOnApi_docsReturnsObject,33,getOnApi_docsReturnsObject,False,1
rest-ncs,rest,wb,java,EvoMaster_successes_Test.java,test_1_getOnBessjWithQueryParamReturnsObject,44,getOnBessjWithQueryParamReturnsObject,True,2
rest-ncs,rest,wb,java,EvoMaster_successes_Test.java,test_2_getOnBessjWithQueryParamReturnsObject,44,getOnBessjWithQueryParamReturnsObject,True,2
rest-ncs,rest,wb,java,EvoMaster_successes_Test.java,test_3_getOnExpintReturnsObject,31,getOnExpintReturnsObject,False,1
rest-ncs,rest,wb,java,EvoMaster_successes_Test.java,test_4_getOnGammqReturnsObject,30,getOnGammqReturnsObject,False,1
rest-ncs,rest,wb,java,EvoMaster_successes_Test.java,test_5_getOnRemaindWithQueryParamReturnsObject,46,getOnRemaindWithQueryParamReturnsObject,True,3
rest-ncs,rest,wb,java,EvoMaster_successes_Test.java,test_6_getOnRemaindWithQueryParamReturnsObject,46,getOnRemaindWithQueryParamReturnsObject,True,3
rest-ncs,rest,wb,java,EvoMaster_successes_Test.java,test_7_getOnRemaindWithQueryParamReturnsObject,46,getOnRemaindWithQueryParamReturnsObject,True,3
rest-ncs,rest,wb,java,EvoMaster_successes_Test.java,test_8_getOnFisherWithQueryParamReturnsObject,45,getOnFisherWithQueryParamReturnsObject,True,4
rest-ncs,rest,wb,java,EvoMaster_successes_Test.java,test_9_getOnFisherWithQueryParamReturnsObject,45,getOnFisherWithQueryParamReturnsObject,True,4
rest-ncs,rest,wb,java,EvoMaster_successes_Test.java,test_10_getOnTrianglWithQueryParamReturnsObject,47,getOnTrianglWithQueryParamReturnsObject,True,4
rest-ncs,rest,wb,java,EvoMaster_successes_Test.java,test_11_getOnTrianglWithQueryParamReturnsObject,47,getOnTrianglWithQueryParamReturnsObject,True,4
rest-ncs,rest,wb,java,EvoMaster_successes_Test.java,test_12_getOnTrianglWithQueryParamReturnsObject,47,getOnTrianglWithQueryParamReturnsObject,True,4
rest-ncs,rest,wb,java,EvoMaster_successes_Test.java,test_13_getOnTrianglWithQueryParamReturnsObject,47,getOnTrianglWithQueryParamReturnsObject,True,4
rest-ncs,rest,wb,java,EvoMaster_successes_Test.java,test_14_getOnFisherWithQueryParamReturnsObject,46,getOnFisherWithQueryParamReturnsObject,True,4
rest-ncs,rest,wb,java,EvoMaster_successes_Test.java,test_15_getOnFisherWithQueryParamReturnsObject,46,getOnFisherWithQueryParamReturnsObject,True,4
rest-ncs,rest,wb,java,EvoMaster_others_Test.java,test_0_getOnBessjReturns400,27,getOnBessjReturns400,False,1
rest-ncs,rest,wb,java,EvoMaster_others_Test.java,test_1_getOnExpintWithQueryParamReturns400,42,getOnExpintWithQueryParamReturns400,True,2
rest-ncs,rest,wb,java,EvoMaster_others_Test.java,test_2_getOnExpintWithQueryParamReturns400,42,getOnExpintWithQueryParamReturns400,True,2
rest-ncs,rest,wb,java,EvoMaster_others_Test.java,test_3_getOnGammqWithQueryParamReturns400,41,getOnGammqWithQueryParamReturns400,True,2
rest-ncs,rest,wb,java,EvoMaster_others_Test.java,test_4_getOnGammqWithQueryParamReturns400,41,getOnGammqWithQueryParamReturns400,True,2
rest-ncs,rest,wb,java,EvoMaster_others_Test.java,test_5_getOnRemaindReturns400,29,getOnRemaindReturns400,False,1
rest-ncs,rest,wb,java,EvoMaster_others_Test.java,test_6_getOnFisherReturns400,28,getOnFisherReturns400,False,1
