API,executionMode,technology,fileName,fullTestName,testNameLength,testDescription,apiType,isNameRepeated
session-service,bb,java,EvoMaster_faults_Test.java,test_0_postOnSessionCauses500_internalservererror,49,postOnSessionCauses500_internalservererror,rest,False
session-service,bb,java,EvoMaster_faults_Test.java,test_1_getOnQueryCauses500_internalservererror,46,getOnQueryCauses500_internalservererror,rest,False
session-service,bb,java,EvoMaster_faults_Test.java,test_2_putOnSessionCauses500_internalservererror,48,putOnSessionCauses500_internalservererror,rest,False
session-service,bb,java,EvoMaster_faults_Test.java,test_3_getOnSessionCauses500_internalservererror,48,getOnSessionCauses500_internalservererror,rest,False
session-service,bb,java,EvoMaster_successes_Test.java,test_0_getOnApi_docsReturns200,30,getOnApi_docsReturns200,rest,False
session-service,bb,python,EvoMaster_faults_Test.py,test_0_POST_on_fetch_causes500_internalServerError,50,POST_on_fetch_causes500_internalServerError,rest,False
session-service,bb,python,EvoMaster_faults_Test.py,test_1_PUT_on_session_causes500_internalServerError,51,PUT_on_session_causes500_internalServerError,rest,False
session-service,bb,python,EvoMaster_faults_Test.py,test_2_GET_on_session_causes500_internalServerError,51,GET_on_session_causes500_internalServerError,rest,False
session-service,bb,python,EvoMaster_faults_Test.py,test_3_GET_on_info_causes500_internalServerError,48,GET_on_info_causes500_internalServerError,rest,False
session-service,bb,python,EvoMaster_successes_Test.py,test_0_GET_on_api_docs_returns_200,34,GET_on_api_docs_returns_200,rest,False
session-service,bb,js,EvoMaster_successes_Test.js,test_0_GetOnApi_docsReturns200,30,GetOnApi_docsReturns200,rest,False
session-service,bb,js,EvoMaster_faults_Test.js,test_0_PostOnSessionCauses500_internalservererror,49,PostOnSessionCauses500_internalservererror,rest,True
session-service,bb,js,EvoMaster_faults_Test.js,test_1_GetOnInfoCauses500_internalservererror,45,GetOnInfoCauses500_internalservererror,rest,True
session-service,bb,js,EvoMaster_faults_Test.js,test_2_GetOnSessionCauses500_internalservererror,48,GetOnSessionCauses500_internalservererror,rest,False
session-service,bb,js,EvoMaster_faults_Test.js,test_3_PostOnSessionCauses500_internalservererror,49,PostOnSessionCauses500_internalservererror,rest,True
session-service,bb,js,EvoMaster_faults_Test.js,test_4_GetOnInfoCauses500_internalservererror,45,GetOnInfoCauses500_internalservererror,rest,True
session-service,bb,js,EvoMaster_others_Test.js,test_0_GetOnQueryReturnsNull,28,GetOnQueryReturnsNull,rest,False
rpc-ncs,wb,java,EvoMaster_P0_exceptions_Test.java,test_0_ncsserviceblockingstubOnBessjThrowsUnexpected_exception_io_grpc_statusruntimeexception,93,ncsserviceblockingstubOnBessjThrowsUnexpected_exception_io_grpc_statusruntimeexception,rpc,True
rpc-ncs,wb,java,EvoMaster_P0_exceptions_Test.java,test_1_ncsserviceblockingstubOnGammqThrowsUnexpected_exception_io_grpc_statusruntimeexception,93,ncsserviceblockingstubOnGammqThrowsUnexpected_exception_io_grpc_statusruntimeexception,rpc,True
rpc-ncs,wb,java,EvoMaster_P0_exceptions_Test.java,test_2_ncsserviceblockingstubOnExpintThrowsUnexpected_exception_io_grpc_statusruntimeexception,94,ncsserviceblockingstubOnExpintThrowsUnexpected_exception_io_grpc_statusruntimeexception,rpc,True
rpc-ncs,wb,java,EvoMaster_P0_exceptions_Test.java,test_3_ncsserviceblockingstubOnRemainderThrowsUnexpected_exception_io_grpc_statusruntimeexception,97,ncsserviceblockingstubOnRemainderThrowsUnexpected_exception_io_grpc_statusruntimeexception,rpc,True
rpc-ncs,wb,java,EvoMaster_P0_exceptions_Test.java,test_4_ncsserviceblockingstubOnBessjThrowsUnexpected_exception_io_grpc_statusruntimeexception,93,ncsserviceblockingstubOnBessjThrowsUnexpected_exception_io_grpc_statusruntimeexception,rpc,True
rpc-ncs,wb,java,EvoMaster_P0_exceptions_Test.java,test_5_ncsserviceblockingstubOnRemainderThrowsUnexpected_exception_io_grpc_statusruntimeexception,97,ncsserviceblockingstubOnRemainderThrowsUnexpected_exception_io_grpc_statusruntimeexception,rpc,True
rpc-ncs,wb,java,EvoMaster_P0_exceptions_Test.java,test_6_ncsserviceblockingstubOnFisherThrowsUnexpected_exception_io_grpc_statusruntimeexception,94,ncsserviceblockingstubOnFisherThrowsUnexpected_exception_io_grpc_statusruntimeexception,rpc,True
rpc-ncs,wb,java,EvoMaster_P0_exceptions_Test.java,test_7_ncsserviceblockingstubOnRemainderThrowsUnexpected_exception_io_grpc_statusruntimeexception,97,ncsserviceblockingstubOnRemainderThrowsUnexpected_exception_io_grpc_statusruntimeexception,rpc,True
rpc-ncs,wb,java,EvoMaster_P0_exceptions_Test.java,test_8_ncsserviceblockingstubOnFisherThrowsUnexpected_exception_io_grpc_statusruntimeexception,94,ncsserviceblockingstubOnFisherThrowsUnexpected_exception_io_grpc_statusruntimeexception,rpc,True
rpc-ncs,wb,java,EvoMaster_P0_exceptions_Test.java,test_9_ncsserviceblockingstubOnExpintThrowsUnexpected_exception_io_grpc_statusruntimeexception,94,ncsserviceblockingstubOnExpintThrowsUnexpected_exception_io_grpc_statusruntimeexception,rpc,True
rpc-ncs,wb,java,EvoMaster_P0_exceptions_Test.java,test_10_ncsserviceblockingstubOnExpintThrowsUnexpected_exception_io_grpc_statusruntimeexception,95,ncsserviceblockingstubOnExpintThrowsUnexpected_exception_io_grpc_statusruntimeexception,rpc,True
rpc-ncs,wb,java,EvoMaster_P0_exceptions_Test.java,test_11_ncsserviceblockingstubOnGammqThrowsUnexpected_exception_io_grpc_statusruntimeexception,94,ncsserviceblockingstubOnGammqThrowsUnexpected_exception_io_grpc_statusruntimeexception,rpc,True
rpc-ncs,wb,java,EvoMaster_P0_exceptions_Test.java,test_12_ncsserviceblockingstubOnGammqThrowsUnexpected_exception_io_grpc_statusruntimeexception,94,ncsserviceblockingstubOnGammqThrowsUnexpected_exception_io_grpc_statusruntimeexception,rpc,True
rpc-ncs,wb,java,EvoMaster_NcsServiceGrpc_NcsServiceBlockingStub_others_Test.java,test_0_ncsserviceblockingstubOnRemainderReturnsSuccess,54,ncsserviceblockingstubOnRemainderReturnsSuccess,rpc,True
rpc-ncs,wb,java,EvoMaster_NcsServiceGrpc_NcsServiceBlockingStub_others_Test.java,test_1_ncsserviceblockingstubOnChecktriangleReturnsSuccess,58,ncsserviceblockingstubOnChecktriangleReturnsSuccess,rpc,True
rpc-ncs,wb,java,EvoMaster_NcsServiceGrpc_NcsServiceBlockingStub_others_Test.java,test_2_ncsserviceblockingstubOnChecktriangleReturnsSuccess,58,ncsserviceblockingstubOnChecktriangleReturnsSuccess,rpc,True
rpc-ncs,wb,java,EvoMaster_NcsServiceGrpc_NcsServiceBlockingStub_others_Test.java,test_3_ncsserviceblockingstubOnChecktriangleReturnsSuccess,58,ncsserviceblockingstubOnChecktriangleReturnsSuccess,rpc,True
rpc-ncs,wb,java,EvoMaster_NcsServiceGrpc_NcsServiceBlockingStub_others_Test.java,test_4_ncsserviceblockingstubOnBessjReturnsSuccess,50,ncsserviceblockingstubOnBessjReturnsSuccess,rpc,True
rpc-ncs,wb,java,EvoMaster_NcsServiceGrpc_NcsServiceBlockingStub_others_Test.java,test_5_ncsserviceblockingstubOnChecktriangleReturnsSuccess,58,ncsserviceblockingstubOnChecktriangleReturnsSuccess,rpc,True
rpc-ncs,wb,java,EvoMaster_NcsServiceGrpc_NcsServiceBlockingStub_others_Test.java,test_6_ncsserviceblockingstubOnChecktriangleReturnsSuccess,58,ncsserviceblockingstubOnChecktriangleReturnsSuccess,rpc,True
rpc-ncs,wb,java,EvoMaster_NcsServiceGrpc_NcsServiceBlockingStub_others_Test.java,test_7_ncsserviceblockingstubOnChecktriangleReturnsSuccess,58,ncsserviceblockingstubOnChecktriangleReturnsSuccess,rpc,True
rpc-ncs,wb,java,EvoMaster_NcsServiceGrpc_NcsServiceBlockingStub_others_Test.java,test_8_ncsserviceblockingstubOnExpintReturnsSuccess,51,ncsserviceblockingstubOnExpintReturnsSuccess,rpc,True
rpc-ncs,wb,java,EvoMaster_NcsServiceGrpc_NcsServiceBlockingStub_others_Test.java,test_9_ncsserviceblockingstubOnChecktriangleReturnsSuccess,58,ncsserviceblockingstubOnChecktriangleReturnsSuccess,rpc,True
rpc-ncs,wb,java,EvoMaster_NcsServiceGrpc_NcsServiceBlockingStub_others_Test.java,test_10_ncsserviceblockingstubOnChecktriangleReturnsSuccess,59,ncsserviceblockingstubOnChecktriangleReturnsSuccess,rpc,True
rpc-ncs,wb,java,EvoMaster_NcsServiceGrpc_NcsServiceBlockingStub_others_Test.java,test_11_ncsserviceblockingstubOnChecktriangleReturnsSuccess,59,ncsserviceblockingstubOnChecktriangleReturnsSuccess,rpc,True
rpc-ncs,wb,java,EvoMaster_NcsServiceGrpc_NcsServiceBlockingStub_others_Test.java,test_12_ncsserviceblockingstubOnRemainderReturnsSuccess,55,ncsserviceblockingstubOnRemainderReturnsSuccess,rpc,True
rpc-ncs,wb,java,EvoMaster_NcsServiceGrpc_NcsServiceBlockingStub_others_Test.java,test_13_ncsserviceblockingstubOnRemainderReturnsSuccess,55,ncsserviceblockingstubOnRemainderReturnsSuccess,rpc,True
rpc-ncs,wb,java,EvoMaster_NcsServiceGrpc_NcsServiceBlockingStub_others_Test.java,test_14_ncsserviceblockingstubOnRemainderReturnsSuccess,55,ncsserviceblockingstubOnRemainderReturnsSuccess,rpc,True
rpc-ncs,wb,java,EvoMaster_NcsServiceGrpc_NcsServiceBlockingStub_others_Test.java,test_15_ncsserviceblockingstubOnExpintReturnsSuccess,52,ncsserviceblockingstubOnExpintReturnsSuccess,rpc,True
rpc-ncs,wb,java,EvoMaster_NcsServiceGrpc_NcsServiceBlockingStub_others_Test.java,test_16_ncsserviceblockingstubOnFisherReturnsSuccess,52,ncsserviceblockingstubOnFisherReturnsSuccess,rpc,True
rpc-ncs,wb,java,EvoMaster_NcsServiceGrpc_NcsServiceBlockingStub_others_Test.java,test_17_ncsserviceblockingstubOnExpintReturnsSuccess,52,ncsserviceblockingstubOnExpintReturnsSuccess,rpc,True
rpc-ncs,wb,java,EvoMaster_NcsServiceGrpc_NcsServiceBlockingStub_others_Test.java,test_18_ncsserviceblockingstubOnFisherReturnsSuccess,52,ncsserviceblockingstubOnFisherReturnsSuccess,rpc,True
rpc-ncs,wb,java,EvoMaster_NcsServiceGrpc_NcsServiceBlockingStub_others_Test.java,test_19_ncsserviceblockingstubOnFisherReturnsSuccess,52,ncsserviceblockingstubOnFisherReturnsSuccess,rpc,True
rpc-ncs,wb,java,EvoMaster_NcsServiceGrpc_NcsServiceBlockingStub_others_Test.java,test_20_ncsserviceblockingstubOnFisherReturnsSuccess,52,ncsserviceblockingstubOnFisherReturnsSuccess,rpc,True
rpc-ncs,wb,java,EvoMaster_NcsServiceGrpc_NcsServiceBlockingStub_others_Test.java,test_21_ncsserviceblockingstubOnFisherReturnsSuccess,52,ncsserviceblockingstubOnFisherReturnsSuccess,rpc,True
rpc-ncs,wb,java,EvoMaster_NcsServiceGrpc_NcsServiceBlockingStub_others_Test.java,test_22_ncsserviceblockingstubOnGammqReturnsSuccess,51,ncsserviceblockingstubOnGammqReturnsSuccess,rpc,True
rpc-ncs,wb,java,EvoMaster_NcsServiceGrpc_NcsServiceBlockingStub_others_Test.java,test_23_ncsserviceblockingstubOnBessjReturnsSuccess,51,ncsserviceblockingstubOnBessjReturnsSuccess,rpc,True
rpc-ncs,wb,java,EvoMaster_NcsServiceGrpc_NcsServiceBlockingStub_others_Test.java,test_24_ncsserviceblockingstubOnGammqReturnsSuccess,51,ncsserviceblockingstubOnGammqReturnsSuccess,rpc,True
rpc-ncs,wb,java,EvoMaster_NcsServiceGrpc_NcsServiceBlockingStub_others_Test.java,test_25_ncsserviceblockingstubOnBessjReturnsSuccess,51,ncsserviceblockingstubOnBessjReturnsSuccess,rpc,True
rpc-ncs,wb,java,EvoMaster_NcsServiceGrpc_NcsServiceBlockingStub_others_Test.java,test_26_ncsserviceblockingstubOnBessjReturnsSuccess,51,ncsserviceblockingstubOnBessjReturnsSuccess,rpc,True
graphql-scs,bb,java,EvoMaster_successes_Test.java,test_0_queryOnOrdered4ReturnsError,34,queryOnOrdered4ReturnsError,graphql,False
graphql-scs,bb,java,EvoMaster_successes_Test.java,test_1_queryOnText2txtReturnsError,34,queryOnText2txtReturnsError,graphql,False
graphql-scs,bb,java,EvoMaster_successes_Test.java,test_2_queryOnCookieReturnsError,32,queryOnCookieReturnsError,graphql,False
graphql-scs,bb,java,EvoMaster_successes_Test.java,test_3_queryOnRegexReturnsData,30,queryOnRegexReturnsData,graphql,False
graphql-scs,bb,java,EvoMaster_successes_Test.java,test_4_queryOnCostfunsReturnsData,33,queryOnCostfunsReturnsData,graphql,False
graphql-scs,bb,java,EvoMaster_successes_Test.java,test_5_queryOnCalcReturnsData,29,queryOnCalcReturnsData,graphql,False
graphql-scs,bb,java,EvoMaster_successes_Test.java,test_6_queryOnFilesuffixReturnsData,35,queryOnFilesuffixReturnsData,graphql,False
graphql-scs,bb,java,EvoMaster_successes_Test.java,test_7_queryOnNotypevarReturnsData,34,queryOnNotypevarReturnsData,graphql,False
graphql-scs,bb,java,EvoMaster_successes_Test.java,test_8_queryOnDateparseReturnsData,34,queryOnDateparseReturnsData,graphql,False
graphql-scs,bb,java,EvoMaster_successes_Test.java,test_9_queryOnTitleReturnsData,30,queryOnTitleReturnsData,graphql,False
graphql-scs,bb,java,EvoMaster_successes_Test.java,test_10_queryOnPatReturnsData,29,queryOnPatReturnsData,graphql,False
graphql-scs,bb,python,EvoMaster_successes_Test.py,test_0_QUERY_on_cookie_returns_error,36,QUERY_on_cookie_returns_error,graphql,False
graphql-scs,bb,python,EvoMaster_successes_Test.py,test_1_QUERY_on_ordered4_returns_error,38,QUERY_on_ordered4_returns_error,graphql,False
graphql-scs,bb,python,EvoMaster_successes_Test.py,test_2_QUERY_on_fileSuffix_returns_data,39,QUERY_on_fileSuffix_returns_data,graphql,False
graphql-scs,bb,python,EvoMaster_successes_Test.py,test_3_QUERY_on_dateParse_returns_data,38,QUERY_on_dateParse_returns_data,graphql,False
graphql-scs,bb,python,EvoMaster_successes_Test.py,test_4_QUERY_on_calc_returns_data,33,QUERY_on_calc_returns_data,graphql,False
graphql-scs,bb,python,EvoMaster_successes_Test.py,test_5_QUERY_on_pat_returns_data,32,QUERY_on_pat_returns_data,graphql,False
graphql-scs,bb,python,EvoMaster_successes_Test.py,test_6_QUERY_on_text2Txt_returns_data,37,QUERY_on_text2Txt_returns_data,graphql,False
graphql-scs,bb,python,EvoMaster_successes_Test.py,test_7_QUERY_on_costfuns_returns_data,37,QUERY_on_costfuns_returns_data,graphql,False
graphql-scs,bb,python,EvoMaster_successes_Test.py,test_8_QUERY_on_title_returns_data,34,QUERY_on_title_returns_data,graphql,False
graphql-scs,bb,python,EvoMaster_successes_Test.py,test_9_QUERY_on_notyPevar_returns_data,38,QUERY_on_notyPevar_returns_data,graphql,False
graphql-scs,bb,python,EvoMaster_successes_Test.py,test_10_QUERY_on_regex_returns_data,35,QUERY_on_regex_returns_data,graphql,False
graphql-scs,bb,js,EvoMaster_successes_Test.js,test_0_QueryOnText2txtReturnsError,34,QueryOnText2txtReturnsError,graphql,False
graphql-scs,bb,js,EvoMaster_successes_Test.js,test_1_QueryOnFilesuffixReturnsData,35,QueryOnFilesuffixReturnsData,graphql,False
graphql-scs,bb,js,EvoMaster_successes_Test.js,test_2_QueryOnCostfunsReturnsData,33,QueryOnCostfunsReturnsData,graphql,False
graphql-scs,bb,js,EvoMaster_successes_Test.js,test_3_QueryOnDateparseReturnsData,34,QueryOnDateparseReturnsData,graphql,False
graphql-scs,bb,js,EvoMaster_successes_Test.js,test_4_QueryOnTitleReturnsData,30,QueryOnTitleReturnsData,graphql,False
graphql-scs,bb,js,EvoMaster_successes_Test.js,test_5_QueryOnCalcReturnsData,29,QueryOnCalcReturnsData,graphql,False
graphql-scs,bb,js,EvoMaster_successes_Test.js,test_6_QueryOnCookieReturnsData,31,QueryOnCookieReturnsData,graphql,False
graphql-scs,bb,js,EvoMaster_successes_Test.js,test_7_QueryOnPatReturnsData,28,QueryOnPatReturnsData,graphql,False
graphql-scs,bb,js,EvoMaster_successes_Test.js,test_8_QueryOnNotypevarReturnsData,34,QueryOnNotypevarReturnsData,graphql,False
graphql-scs,bb,js,EvoMaster_successes_Test.js,test_9_QueryOnOrdered4ReturnsData,33,QueryOnOrdered4ReturnsData,graphql,False
graphql-scs,bb,js,EvoMaster_successes_Test.js,test_10_QueryOnRegexReturnsData,31,QueryOnRegexReturnsData,graphql,False
features-service,bb,java,EvoMaster_faults_Test.java,test_0_postOnExcludesCauses500_internalservererror,50,postOnExcludesCauses500_internalservererror,rest,False
features-service,bb,java,EvoMaster_faults_Test.java,test_1_getOnProductCauses500_internalservererror,48,getOnProductCauses500_internalservererror,rest,False
features-service,bb,java,EvoMaster_faults_Test.java,test_2_deleteOnFeaturCauses500_internalservererror,50,deleteOnFeaturCauses500_internalservererror,rest,True
features-service,bb,java,EvoMaster_faults_Test.java,test_3_postOnRequiresCauses500_internalservererror,50,postOnRequiresCauses500_internalservererror,rest,False
features-service,bb,java,EvoMaster_faults_Test.java,test_4_postOnFeaturCauses500_internalservererror,48,postOnFeaturCauses500_internalservererror,rest,True
features-service,bb,java,EvoMaster_faults_Test.java,test_5_deleteOnFeaturCauses500_internalservererror,50,deleteOnFeaturCauses500_internalservererror,rest,True
features-service,bb,java,EvoMaster_faults_Test.java,test_6_putOnFeaturCauses500_internalservererror,47,putOnFeaturCauses500_internalservererror,rest,False
features-service,bb,java,EvoMaster_faults_Test.java,test_7_getOnFeaturesCauses500_internalservererror,49,getOnFeaturesCauses500_internalservererror,rest,True
features-service,bb,java,EvoMaster_faults_Test.java,test_8_deleteOnConfigurCauses500_internalservererror,52,deleteOnConfigurCauses500_internalservererror,rest,False
features-service,bb,java,EvoMaster_faults_Test.java,test_9_postOnFeaturCauses500_internalservererror,48,postOnFeaturCauses500_internalservererror,rest,True
features-service,bb,java,EvoMaster_faults_Test.java,test_10_deleteOnProductCauses500_internalservererror,52,deleteOnProductCauses500_internalservererror,rest,False
features-service,bb,java,EvoMaster_faults_Test.java,test_11_postOnConfigurCauses500_internalservererror,51,postOnConfigurCauses500_internalservererror,rest,False
features-service,bb,java,EvoMaster_faults_Test.java,test_12_getOnFeaturesCauses500_internalservererror,50,getOnFeaturesCauses500_internalservererror,rest,True
features-service,bb,java,EvoMaster_successes_Test.java,test_0_getOnProductsReturns200,30,getOnProductsReturns200,rest,False
features-service,bb,java,EvoMaster_successes_Test.java,test_1_getOnFeaturesReturns200,30,getOnFeaturesReturns200,rest,False
features-service,bb,java,EvoMaster_successes_Test.java,test_2_getOnConfigurationsReturns200,36,getOnConfigurationsReturns200,rest,False
features-service,bb,java,EvoMaster_successes_Test.java,test_3_getOnSwagger_jsonReturns200,34,getOnSwagger_jsonReturns200,rest,False
features-service,bb,java,EvoMaster_successes_Test.java,test_4_postOnProductReturns201,30,postOnProductReturns201,rest,False
features-service,bb,java,EvoMaster_successes_Test.java,test_5_getOnConfigurReturns204,30,getOnConfigurReturns204,rest,False
features-service,bb,java,EvoMaster_successes_Test.java,test_6_deleteOnConstraintReturns204,35,deleteOnConstraintReturns204,rest,False
features-service,bb,python,EvoMaster_faults_Test.py,test_0_GET_on_features_causes500_internalServerError,52,GET_on_features_causes500_internalServerError,rest,True
features-service,bb,python,EvoMaster_faults_Test.py,test_1_PUT_on_featur_causes500_internalServerError,50,PUT_on_featur_causes500_internalServerError,rest,False
features-service,bb,python,EvoMaster_faults_Test.py,test_2_POST_on_featur_causes500_internalServerError,51,POST_on_featur_causes500_internalServerError,rest,True
features-service,bb,python,EvoMaster_faults_Test.py,test_3_GET_on_product_causes500_internalServerError,51,GET_on_product_causes500_internalServerError,rest,False
features-service,bb,python,EvoMaster_faults_Test.py,test_4_POST_on_configur_causes500_internalServerError,53,POST_on_configur_causes500_internalServerError,rest,False
features-service,bb,python,EvoMaster_faults_Test.py,test_5_DELETE_on_featur_causes500_internalServerError,53,DELETE_on_featur_causes500_internalServerError,rest,True
features-service,bb,python,EvoMaster_faults_Test.py,test_6_GET_on_features_causes500_internalServerError,52,GET_on_features_causes500_internalServerError,rest,True
features-service,bb,python,EvoMaster_faults_Test.py,test_7_DELETE_on_product_causes500_internalServerError,54,DELETE_on_product_causes500_internalServerError,rest,False
features-service,bb,python,EvoMaster_faults_Test.py,test_8_POST_on_excludes_causes500_internalServerError,53,POST_on_excludes_causes500_internalServerError,rest,False
features-service,bb,python,EvoMaster_faults_Test.py,test_9_DELETE_on_configur_causes500_internalServerError,55,DELETE_on_configur_causes500_internalServerError,rest,False
features-service,bb,python,EvoMaster_faults_Test.py,test_10_POST_on_requires_causes500_internalServerError,54,POST_on_requires_causes500_internalServerError,rest,False
features-service,bb,python,EvoMaster_faults_Test.py,test_11_POST_on_featur_causes500_internalServerError,52,POST_on_featur_causes500_internalServerError,rest,True
features-service,bb,python,EvoMaster_faults_Test.py,test_12_DELETE_on_featur_causes500_internalServerError,54,DELETE_on_featur_causes500_internalServerError,rest,True
features-service,bb,python,EvoMaster_successes_Test.py,test_0_GET_on_products_returns_200,34,GET_on_products_returns_200,rest,False
features-service,bb,python,EvoMaster_successes_Test.py,test_1_GET_on_configurations_returns_200,40,GET_on_configurations_returns_200,rest,False
features-service,bb,python,EvoMaster_successes_Test.py,test_2_GET_on_swagger_json_returns_200,38,GET_on_swagger_json_returns_200,rest,False
features-service,bb,python,EvoMaster_successes_Test.py,test_3_POST_on_configur_returns_201,35,POST_on_configur_returns_201,rest,False
features-service,bb,python,EvoMaster_successes_Test.py,test_4_POST_on_product_returns_201,34,POST_on_product_returns_201,rest,False
features-service,bb,python,EvoMaster_successes_Test.py,test_5_DELETE_on_constraint_returns_204,39,DELETE_on_constraint_returns_204,rest,False
features-service,bb,python,EvoMaster_successes_Test.py,test_6_GET_on_configur_returns_204,34,GET_on_configur_returns_204,rest,False
features-service,bb,js,EvoMaster_successes_Test.js,test_0_GetOnProductsReturns200,30,GetOnProductsReturns200,rest,False
features-service,bb,js,EvoMaster_successes_Test.js,test_1_GetOnConfigurationsReturns200,36,GetOnConfigurationsReturns200,rest,False
features-service,bb,js,EvoMaster_successes_Test.js,test_2_GetOnSwagger_jsonReturns200,34,GetOnSwagger_jsonReturns200,rest,False
features-service,bb,js,EvoMaster_successes_Test.js,test_3_PostOnConfigurReturns201,31,PostOnConfigurReturns201,rest,False
features-service,bb,js,EvoMaster_successes_Test.js,test_4_PostOnProductReturns201,30,PostOnProductReturns201,rest,False
features-service,bb,js,EvoMaster_successes_Test.js,test_5_DeleteOnConstraintReturns204,35,DeleteOnConstraintReturns204,rest,False
features-service,bb,js,EvoMaster_successes_Test.js,test_6_GetOnConfigurReturns204,30,GetOnConfigurReturns204,rest,False
features-service,bb,js,EvoMaster_faults_Test.js,test_0_GetOnProductCauses500_internalservererror,48,GetOnProductCauses500_internalservererror,rest,False
features-service,bb,js,EvoMaster_faults_Test.js,test_1_PostOnRequiresCauses500_internalservererror,50,PostOnRequiresCauses500_internalservererror,rest,False
features-service,bb,js,EvoMaster_faults_Test.js,test_2_PostOnConfigurCauses500_internalservererror,50,PostOnConfigurCauses500_internalservererror,rest,False
features-service,bb,js,EvoMaster_faults_Test.js,test_3_DeleteOnFeaturCauses500_internalservererror,50,DeleteOnFeaturCauses500_internalservererror,rest,True
features-service,bb,js,EvoMaster_faults_Test.js,test_4_DeleteOnFeaturCauses500_internalservererror,50,DeleteOnFeaturCauses500_internalservererror,rest,True
features-service,bb,js,EvoMaster_faults_Test.js,test_5_PostOnFeaturCauses500_internalservererror,48,PostOnFeaturCauses500_internalservererror,rest,True
features-service,bb,js,EvoMaster_faults_Test.js,test_6_GetOnFeaturesCauses500_internalservererror,49,GetOnFeaturesCauses500_internalservererror,rest,True
features-service,bb,js,EvoMaster_faults_Test.js,test_7_PostOnFeaturCauses500_internalservererror,48,PostOnFeaturCauses500_internalservererror,rest,True
features-service,bb,js,EvoMaster_faults_Test.js,test_8_DeleteOnProductCauses500_internalservererror,51,DeleteOnProductCauses500_internalservererror,rest,False
features-service,bb,js,EvoMaster_faults_Test.js,test_9_GetOnFeaturesCauses500_internalservererror,49,GetOnFeaturesCauses500_internalservererror,rest,True
features-service,bb,js,EvoMaster_faults_Test.js,test_10_PutOnFeaturCauses500_internalservererror,48,PutOnFeaturCauses500_internalservererror,rest,False
features-service,bb,js,EvoMaster_faults_Test.js,test_11_DeleteOnConfigurCauses500_internalservererror,53,DeleteOnConfigurCauses500_internalservererror,rest,False
features-service,bb,js,EvoMaster_faults_Test.js,test_12_PostOnExcludesCauses500_internalservererror,51,PostOnExcludesCauses500_internalservererror,rest,False
graphql-ncs,bb,java,EvoMaster_successes_Test.java,test_0_queryOnFisherReturnsError,32,queryOnFisherReturnsError,graphql,False
graphql-ncs,bb,java,EvoMaster_successes_Test.java,test_1_queryOnGammqReturnsData,30,queryOnGammqReturnsData,graphql,False
graphql-ncs,bb,java,EvoMaster_successes_Test.java,test_2_queryOnTriangleclassificationReturnsData,47,queryOnTriangleclassificationReturnsData,graphql,False
graphql-ncs,bb,java,EvoMaster_successes_Test.java,test_3_queryOnExpintReturnsData,31,queryOnExpintReturnsData,graphql,False
graphql-ncs,bb,java,EvoMaster_successes_Test.java,test_4_queryOnRemainderReturnsData,34,queryOnRemainderReturnsData,graphql,False
graphql-ncs,bb,java,EvoMaster_successes_Test.java,test_5_queryOnBessjReturnsData,30,queryOnBessjReturnsData,graphql,False
graphql-ncs,bb,python,EvoMaster_successes_Test.py,test_0_QUERY_on_bessj_returns_data,34,QUERY_on_bessj_returns_data,graphql,False
graphql-ncs,bb,python,EvoMaster_successes_Test.py,test_1_QUERY_on_fisher_returns_data,35,QUERY_on_fisher_returns_data,graphql,False
graphql-ncs,bb,python,EvoMaster_successes_Test.py,test_2_QUERY_on_gammq_returns_data,34,QUERY_on_gammq_returns_data,graphql,False
graphql-ncs,bb,python,EvoMaster_successes_Test.py,test_3_QUERY_on_triangleClassification_returns_data,51,QUERY_on_triangleClassification_returns_data,graphql,False
graphql-ncs,bb,python,EvoMaster_successes_Test.py,test_4_QUERY_on_expint_returns_data,35,QUERY_on_expint_returns_data,graphql,False
graphql-ncs,bb,python,EvoMaster_successes_Test.py,test_5_QUERY_on_remainder_returns_data,38,QUERY_on_remainder_returns_data,graphql,False
graphql-ncs,bb,js,EvoMaster_successes_Test.js,test_0_QueryOnRemainderReturnsData,34,QueryOnRemainderReturnsData,graphql,False
graphql-ncs,bb,js,EvoMaster_successes_Test.js,test_1_QueryOnExpintReturnsData,31,QueryOnExpintReturnsData,graphql,False
graphql-ncs,bb,js,EvoMaster_successes_Test.js,test_2_QueryOnTriangleclassificationReturnsData,47,QueryOnTriangleclassificationReturnsData,graphql,False
graphql-ncs,bb,js,EvoMaster_successes_Test.js,test_3_QueryOnFisherReturnsData,31,QueryOnFisherReturnsData,graphql,False
graphql-ncs,bb,js,EvoMaster_successes_Test.js,test_4_QueryOnGammqReturnsData,30,QueryOnGammqReturnsData,graphql,False
graphql-ncs,bb,js,EvoMaster_successes_Test.js,test_5_QueryOnBessjReturnsData,30,QueryOnBessjReturnsData,graphql,False
rest-news,bb,java,EvoMaster_others_Test.java,test_0_deleteOnNewReturns400,28,deleteOnNewReturns400,rest,False
rest-news,bb,java,EvoMaster_others_Test.java,test_1_putOnTextReturns400,26,putOnTextReturns400,rest,False
rest-news,bb,java,EvoMaster_others_Test.java,test_2_putOnNewReturns400,25,putOnNewReturns400,rest,False
rest-news,bb,java,EvoMaster_others_Test.java,test_3_postOnNewsReturns400,27,postOnNewsReturns400,rest,False
rest-news,bb,java,EvoMaster_others_Test.java,test_4_getOnNewReturns404,25,getOnNewReturns404,rest,False
rest-news,bb,java,EvoMaster_others_Test.java,test_5_putOnNewReturns404,25,putOnNewReturns404,rest,False
rest-news,bb,java,EvoMaster_others_Test.java,test_6_putOnTextReturns404,26,putOnTextReturns404,rest,False
rest-news,bb,java,EvoMaster_others_Test.java,test_7_deleteOnNewReturns404,28,deleteOnNewReturns404,rest,False
rest-news,bb,java,EvoMaster_faults_Test.java,test_0_postOnNewsCauses500_internalservererror,46,postOnNewsCauses500_internalservererror,rest,False
rest-news,bb,java,EvoMaster_successes_Test.java,test_0_getOnCountriesReturns200,31,getOnCountriesReturns200,rest,False
rest-news,bb,java,EvoMaster_successes_Test.java,test_1_getOnNewsReturns200,26,getOnNewsReturns200,rest,False
rest-news,bb,java,EvoMaster_successes_Test.java,test_2_getOnApi_docsReturns200,30,getOnApi_docsReturns200,rest,False
rest-news,bb,python,EvoMaster_others_Test.py,test_0_POST_on_news_returns_400,31,POST_on_news_returns_400,rest,False
rest-news,bb,python,EvoMaster_others_Test.py,test_1_DELETE_on_new_returns_400,32,DELETE_on_new_returns_400,rest,False
rest-news,bb,python,EvoMaster_others_Test.py,test_2_PUT_on_new_returns_400,29,PUT_on_new_returns_400,rest,False
rest-news,bb,python,EvoMaster_others_Test.py,test_3_PUT_on_text_returns_400,30,PUT_on_text_returns_400,rest,False
rest-news,bb,python,EvoMaster_others_Test.py,test_4_GET_on_new_returns_404,29,GET_on_new_returns_404,rest,False
rest-news,bb,python,EvoMaster_others_Test.py,test_5_PUT_on_new_returns_404,29,PUT_on_new_returns_404,rest,False
rest-news,bb,python,EvoMaster_others_Test.py,test_6_DELETE_on_new_returns_404,32,DELETE_on_new_returns_404,rest,False
rest-news,bb,python,EvoMaster_others_Test.py,test_7_PUT_on_text_returns_404,30,PUT_on_text_returns_404,rest,False
rest-news,bb,python,EvoMaster_faults_Test.py,test_0_POST_on_news_causes500_internalServerError,49,POST_on_news_causes500_internalServerError,rest,False
rest-news,bb,python,EvoMaster_successes_Test.py,test_0_GET_on_countries_returns_200,35,GET_on_countries_returns_200,rest,False
rest-news,bb,python,EvoMaster_successes_Test.py,test_1_GET_on_news_returns_200,30,GET_on_news_returns_200,rest,False
rest-news,bb,python,EvoMaster_successes_Test.py,test_2_GET_on_api_docs_returns_200,34,GET_on_api_docs_returns_200,rest,False
rest-news,bb,js,EvoMaster_successes_Test.js,test_0_GetOnCountriesReturns200,31,GetOnCountriesReturns200,rest,False
rest-news,bb,js,EvoMaster_successes_Test.js,test_1_GetOnNewsReturns200,26,GetOnNewsReturns200,rest,False
rest-news,bb,js,EvoMaster_successes_Test.js,test_2_GetOnApi_docsReturns200,30,GetOnApi_docsReturns200,rest,False
rest-news,bb,js,EvoMaster_faults_Test.js,test_0_PostOnNewsCauses500_internalservererror,46,PostOnNewsCauses500_internalservererror,rest,False
rest-news,bb,js,EvoMaster_others_Test.js,test_0_DeleteOnNewReturns400,28,DeleteOnNewReturns400,rest,False
rest-news,bb,js,EvoMaster_others_Test.js,test_1_PutOnTextReturns400,26,PutOnTextReturns400,rest,False
rest-news,bb,js,EvoMaster_others_Test.js,test_2_PutOnNewReturns400,25,PutOnNewReturns400,rest,False
rest-news,bb,js,EvoMaster_others_Test.js,test_3_PostOnNewsReturns400,27,PostOnNewsReturns400,rest,False
rest-news,bb,js,EvoMaster_others_Test.js,test_4_PutOnTextReturns404,26,PutOnTextReturns404,rest,False
rest-news,bb,js,EvoMaster_others_Test.js,test_5_PutOnNewReturns404,25,PutOnNewReturns404,rest,False
rest-news,bb,js,EvoMaster_others_Test.js,test_6_GetOnNewReturns404,25,GetOnNewReturns404,rest,False
rest-ncs,bb,java,EvoMaster_others_Test.java,test_0_getOnBessjReturns400,27,getOnBessjReturns400,rest,False
rest-ncs,bb,java,EvoMaster_others_Test.java,test_1_getOnExpintReturns400,28,getOnExpintReturns400,rest,False
rest-ncs,bb,java,EvoMaster_others_Test.java,test_2_getOnRemaindReturns400,29,getOnRemaindReturns400,rest,False
rest-ncs,bb,java,EvoMaster_others_Test.java,test_3_getOnFisherReturns400,28,getOnFisherReturns400,rest,False
rest-ncs,bb,java,EvoMaster_successes_Test.java,test_0_getOnRemaindReturns200,29,getOnRemaindReturns200,rest,False
rest-ncs,bb,java,EvoMaster_successes_Test.java,test_1_getOnExpintReturns200,28,getOnExpintReturns200,rest,False
rest-ncs,bb,java,EvoMaster_successes_Test.java,test_2_getOnFisherReturns200,28,getOnFisherReturns200,rest,False
rest-ncs,bb,java,EvoMaster_successes_Test.java,test_3_getOnGammqReturns200,27,getOnGammqReturns200,rest,False
rest-ncs,bb,java,EvoMaster_successes_Test.java,test_4_getOnTrianglReturns200,29,getOnTrianglReturns200,rest,False
rest-ncs,bb,java,EvoMaster_successes_Test.java,test_5_getOnBessjReturns200,27,getOnBessjReturns200,rest,False
rest-ncs,bb,java,EvoMaster_successes_Test.java,test_6_getOnApi_docsReturns200,30,getOnApi_docsReturns200,rest,False
rest-ncs,bb,python,EvoMaster_others_Test.py,test_0_GET_on_remaind_returns_400,33,GET_on_remaind_returns_400,rest,False
rest-ncs,bb,python,EvoMaster_others_Test.py,test_1_GET_on_fisher_returns_400,32,GET_on_fisher_returns_400,rest,False
rest-ncs,bb,python,EvoMaster_others_Test.py,test_2_GET_on_bessj_returns_400,31,GET_on_bessj_returns_400,rest,False
rest-ncs,bb,python,EvoMaster_others_Test.py,test_3_GET_on_expint_returns_400,32,GET_on_expint_returns_400,rest,False
rest-ncs,bb,python,EvoMaster_successes_Test.py,test_0_GET_on_gammq_returns_200,31,GET_on_gammq_returns_200,rest,False
rest-ncs,bb,python,EvoMaster_successes_Test.py,test_1_GET_on_remaind_returns_200,33,GET_on_remaind_returns_200,rest,False
rest-ncs,bb,python,EvoMaster_successes_Test.py,test_2_GET_on_bessj_returns_200,31,GET_on_bessj_returns_200,rest,False
rest-ncs,bb,python,EvoMaster_successes_Test.py,test_3_GET_on_fisher_returns_200,32,GET_on_fisher_returns_200,rest,False
rest-ncs,bb,python,EvoMaster_successes_Test.py,test_4_GET_on_expint_returns_200,32,GET_on_expint_returns_200,rest,False
rest-ncs,bb,python,EvoMaster_successes_Test.py,test_5_GET_on_triangl_returns_200,33,GET_on_triangl_returns_200,rest,False
rest-ncs,bb,python,EvoMaster_successes_Test.py,test_6_GET_on_api_docs_returns_200,34,GET_on_api_docs_returns_200,rest,False
rest-ncs,bb,js,EvoMaster_successes_Test.js,test_0_GetOnExpintReturns200,28,GetOnExpintReturns200,rest,False
rest-ncs,bb,js,EvoMaster_successes_Test.js,test_1_GetOnTrianglReturns200,29,GetOnTrianglReturns200,rest,False
rest-ncs,bb,js,EvoMaster_successes_Test.js,test_2_GetOnFisherReturns200,28,GetOnFisherReturns200,rest,False
rest-ncs,bb,js,EvoMaster_successes_Test.js,test_3_GetOnBessjReturns200,27,GetOnBessjReturns200,rest,False
rest-ncs,bb,js,EvoMaster_successes_Test.js,test_4_GetOnGammqReturns200,27,GetOnGammqReturns200,rest,False
rest-ncs,bb,js,EvoMaster_successes_Test.js,test_5_GetOnRemaindReturns200,29,GetOnRemaindReturns200,rest,False
rest-ncs,bb,js,EvoMaster_successes_Test.js,test_6_GetOnApi_docsReturns200,30,GetOnApi_docsReturns200,rest,False
rest-ncs,bb,js,EvoMaster_others_Test.js,test_0_GetOnExpintReturns400,28,GetOnExpintReturns400,rest,False
rest-ncs,bb,js,EvoMaster_others_Test.js,test_1_GetOnFisherReturns400,28,GetOnFisherReturns400,rest,False
rest-ncs,bb,js,EvoMaster_others_Test.js,test_2_GetOnBessjReturns400,27,GetOnBessjReturns400,rest,False
rest-ncs,bb,js,EvoMaster_others_Test.js,test_3_GetOnRemaindReturns400,29,GetOnRemaindReturns400,rest,False
thrift-scs,wb,java,EvoMaster_ScsService_Iface_others_Test.java,test_0_ifaceOnOrdered4ReturnsSuccess,36,ifaceOnOrdered4ReturnsSuccess,rpc,True
thrift-scs,wb,java,EvoMaster_ScsService_Iface_others_Test.java,test_1_ifaceOnOrdered4ReturnsSuccess,36,ifaceOnOrdered4ReturnsSuccess,rpc,True
thrift-scs,wb,java,EvoMaster_ScsService_Iface_others_Test.java,test_2_ifaceOnOrdered4ReturnsSuccess,36,ifaceOnOrdered4ReturnsSuccess,rpc,True
thrift-scs,wb,java,EvoMaster_ScsService_Iface_others_Test.java,test_3_ifaceOnFilesuffixReturnsSuccess,38,ifaceOnFilesuffixReturnsSuccess,rpc,False
thrift-scs,wb,java,EvoMaster_ScsService_Iface_others_Test.java,test_4_ifaceOnPatReturnsSuccess,31,ifaceOnPatReturnsSuccess,rpc,True
thrift-scs,wb,java,EvoMaster_ScsService_Iface_others_Test.java,test_5_ifaceOnCookieReturnsSuccess,34,ifaceOnCookieReturnsSuccess,rpc,False
thrift-scs,wb,java,EvoMaster_ScsService_Iface_others_Test.java,test_6_ifaceOnTitleReturnsSuccess,33,ifaceOnTitleReturnsSuccess,rpc,False
thrift-scs,wb,java,EvoMaster_ScsService_Iface_others_Test.java,test_7_ifaceOnNotypevarReturnsSuccess,37,ifaceOnNotypevarReturnsSuccess,rpc,True
thrift-scs,wb,java,EvoMaster_ScsService_Iface_others_Test.java,test_8_ifaceOnNotypevarReturnsSuccess,37,ifaceOnNotypevarReturnsSuccess,rpc,True
thrift-scs,wb,java,EvoMaster_ScsService_Iface_others_Test.java,test_9_ifaceOnNotypevarReturnsSuccess,37,ifaceOnNotypevarReturnsSuccess,rpc,True
thrift-scs,wb,java,EvoMaster_ScsService_Iface_others_Test.java,test_10_ifaceOnText2txtReturnsSuccess,37,ifaceOnText2txtReturnsSuccess,rpc,True
thrift-scs,wb,java,EvoMaster_ScsService_Iface_others_Test.java,test_11_ifaceOnText2txtReturnsSuccess,37,ifaceOnText2txtReturnsSuccess,rpc,True
thrift-scs,wb,java,EvoMaster_ScsService_Iface_others_Test.java,test_12_ifaceOnRegexReturnsSuccess,34,ifaceOnRegexReturnsSuccess,rpc,True
thrift-scs,wb,java,EvoMaster_ScsService_Iface_others_Test.java,test_13_ifaceOnPatReturnsSuccess,32,ifaceOnPatReturnsSuccess,rpc,True
thrift-scs,wb,java,EvoMaster_ScsService_Iface_others_Test.java,test_14_ifaceOnRegexReturnsSuccess,34,ifaceOnRegexReturnsSuccess,rpc,True
thrift-scs,wb,java,EvoMaster_ScsService_Iface_others_Test.java,test_15_ifaceOnCostfunsReturnsSuccess,37,ifaceOnCostfunsReturnsSuccess,rpc,True
thrift-scs,wb,java,EvoMaster_ScsService_Iface_others_Test.java,test_16_ifaceOnCostfunsReturnsSuccess,37,ifaceOnCostfunsReturnsSuccess,rpc,True
thrift-scs,wb,java,EvoMaster_ScsService_Iface_others_Test.java,test_17_ifaceOnCostfunsReturnsSuccess,37,ifaceOnCostfunsReturnsSuccess,rpc,True
thrift-scs,wb,java,EvoMaster_ScsService_Iface_others_Test.java,test_18_ifaceOnCostfunsReturnsSuccess,37,ifaceOnCostfunsReturnsSuccess,rpc,True
thrift-scs,wb,java,EvoMaster_ScsService_Iface_others_Test.java,test_19_ifaceOnRegexReturnsSuccess,34,ifaceOnRegexReturnsSuccess,rpc,True
thrift-scs,wb,java,EvoMaster_ScsService_Iface_others_Test.java,test_20_ifaceOnCalcReturnsSuccess,33,ifaceOnCalcReturnsSuccess,rpc,False
thrift-scs,wb,java,EvoMaster_ScsService_Iface_others_Test.java,test_21_ifaceOnDateparseReturnsSuccess,38,ifaceOnDateparseReturnsSuccess,rpc,True
thrift-scs,wb,java,EvoMaster_ScsService_Iface_others_Test.java,test_22_ifaceOnDateparseReturnsSuccess,38,ifaceOnDateparseReturnsSuccess,rpc,True
thrift-scs,wb,java,EvoMaster_ScsService_Iface_others_Test.java,test_23_ifaceOnDateparseReturnsSuccess,38,ifaceOnDateparseReturnsSuccess,rpc,True
thrift-scs,wb,java,EvoMaster_ScsService_Iface_others_Test.java,test_24_ifaceOnDateparseReturnsSuccess,38,ifaceOnDateparseReturnsSuccess,rpc,True
thrift-scs,wb,java,EvoMaster_ScsService_Iface_others_Test.java,test_25_ifaceOnDateparseReturnsSuccess,38,ifaceOnDateparseReturnsSuccess,rpc,True
thrift-scs,wb,java,EvoMaster_P0_exceptions_Test.java,test_0_ifaceOnCookieThrowsInternal_error_org_apache_thrift_tapplicationexception,80,ifaceOnCookieThrowsInternal_error_org_apache_thrift_tapplicationexception,rpc,True
thrift-scs,wb,java,EvoMaster_P0_exceptions_Test.java,test_1_ifaceOnCookieThrowsInternal_error_org_apache_thrift_tapplicationexception,80,ifaceOnCookieThrowsInternal_error_org_apache_thrift_tapplicationexception,rpc,True
petclinic-graphql,bb,java,EvoMaster_others_Test.java,test_0_mutationOnAddvisitReturnsEmpty,37,mutationOnAddvisitReturnsEmpty,graphql,False
petclinic-graphql,bb,java,EvoMaster_others_Test.java,test_1_mutationOnAddpetReturnsEmpty,35,mutationOnAddpetReturnsEmpty,graphql,False
petclinic-graphql,bb,java,EvoMaster_others_Test.java,test_2_mutationOnUpdatepetReturnsEmpty,38,mutationOnUpdatepetReturnsEmpty,graphql,False
petclinic-graphql,bb,java,EvoMaster_successes_Test.java,test_0_mutationOnAddownerReturnsError,37,mutationOnAddownerReturnsError,graphql,False
petclinic-graphql,bb,java,EvoMaster_successes_Test.java,test_1_queryOnOwnerReturnsError,31,queryOnOwnerReturnsError,graphql,False
petclinic-graphql,bb,java,EvoMaster_successes_Test.java,test_2_mutationOnRemovespecialtyReturnsError,44,mutationOnRemovespecialtyReturnsError,graphql,False
petclinic-graphql,bb,java,EvoMaster_successes_Test.java,test_3_mutationOnUpdatepetReturnsError,38,mutationOnUpdatepetReturnsError,graphql,False
petclinic-graphql,bb,java,EvoMaster_successes_Test.java,test_4_queryOnPettypesReturnsData,33,queryOnPettypesReturnsData,graphql,False
petclinic-graphql,bb,java,EvoMaster_successes_Test.java,test_5_queryOnSpecialtiesReturnsData,36,queryOnSpecialtiesReturnsData,graphql,False
petclinic-graphql,bb,java,EvoMaster_successes_Test.java,test_6_mutationOnUpdatespecialtyReturnsData,43,mutationOnUpdatespecialtyReturnsData,graphql,False
petclinic-graphql,bb,java,EvoMaster_successes_Test.java,test_7_queryOnVetsReturnsData,29,queryOnVetsReturnsData,graphql,False
petclinic-graphql,bb,java,EvoMaster_successes_Test.java,test_8_mutationOnUpdateownerReturnsData,39,mutationOnUpdateownerReturnsData,graphql,False
petclinic-graphql,bb,java,EvoMaster_successes_Test.java,test_9_queryOnOwnersReturnsData,31,queryOnOwnersReturnsData,graphql,False
petclinic-graphql,bb,java,EvoMaster_successes_Test.java,test_10_mutationOnAddspecialtyReturnsData,41,mutationOnAddspecialtyReturnsData,graphql,False
petclinic-graphql,bb,java,EvoMaster_successes_Test.java,test_11_queryOnPetsReturnsData,30,queryOnPetsReturnsData,graphql,False
petclinic-graphql,bb,java,EvoMaster_successes_Test.java,test_12_queryOnPetReturnsData,29,queryOnPetReturnsData,graphql,False
petclinic-graphql,bb,python,EvoMaster_others_Test.py,test_0_MUTATION_on_addVisit_returns_empty,41,MUTATION_on_addVisit_returns_empty,graphql,False
petclinic-graphql,bb,python,EvoMaster_others_Test.py,test_1_MUTATION_on_updatePet_returns_empty,42,MUTATION_on_updatePet_returns_empty,graphql,False
petclinic-graphql,bb,python,EvoMaster_others_Test.py,test_2_MUTATION_on_addPet_returns_empty,39,MUTATION_on_addPet_returns_empty,graphql,False
petclinic-graphql,bb,python,EvoMaster_successes_Test.py,test_0_QUERY_on_pet_returns_error,33,QUERY_on_pet_returns_error,graphql,False
petclinic-graphql,bb,python,EvoMaster_successes_Test.py,test_1_MUTATION_on_addOwner_returns_error,41,MUTATION_on_addOwner_returns_error,graphql,False
petclinic-graphql,bb,python,EvoMaster_successes_Test.py,test_2_MUTATION_on_updatePet_returns_error,42,MUTATION_on_updatePet_returns_error,graphql,False
petclinic-graphql,bb,python,EvoMaster_successes_Test.py,test_3_QUERY_on_owner_returns_error,35,QUERY_on_owner_returns_error,graphql,False
petclinic-graphql,bb,python,EvoMaster_successes_Test.py,test_4_MUTATION_on_removeSpecialty_returns_error,48,MUTATION_on_removeSpecialty_returns_error,graphql,False
petclinic-graphql,bb,python,EvoMaster_successes_Test.py,test_5_MUTATION_on_updateOwner_returns_error,44,MUTATION_on_updateOwner_returns_error,graphql,False
petclinic-graphql,bb,python,EvoMaster_successes_Test.py,test_6_QUERY_on_vets_returns_data,33,QUERY_on_vets_returns_data,graphql,False
petclinic-graphql,bb,python,EvoMaster_successes_Test.py,test_7_QUERY_on_pets_returns_data,33,QUERY_on_pets_returns_data,graphql,False
petclinic-graphql,bb,python,EvoMaster_successes_Test.py,test_8_QUERY_on_specialties_returns_data,40,QUERY_on_specialties_returns_data,graphql,False
petclinic-graphql,bb,python,EvoMaster_successes_Test.py,test_9_MUTATION_on_updateSpecialty_returns_data,47,MUTATION_on_updateSpecialty_returns_data,graphql,False
petclinic-graphql,bb,python,EvoMaster_successes_Test.py,test_10_QUERY_on_pettypes_returns_data,38,QUERY_on_pettypes_returns_data,graphql,False
petclinic-graphql,bb,python,EvoMaster_successes_Test.py,test_11_MUTATION_on_addSpecialty_returns_data,45,MUTATION_on_addSpecialty_returns_data,graphql,False
petclinic-graphql,bb,python,EvoMaster_successes_Test.py,test_12_QUERY_on_owners_returns_data,36,QUERY_on_owners_returns_data,graphql,False
petclinic-graphql,bb,js,EvoMaster_successes_Test.js,test_0_MutationOnUpdateownerReturnsError,40,MutationOnUpdateownerReturnsError,graphql,False
petclinic-graphql,bb,js,EvoMaster_successes_Test.js,test_1_MutationOnAddownerReturnsError,37,MutationOnAddownerReturnsError,graphql,False
petclinic-graphql,bb,js,EvoMaster_successes_Test.js,test_2_MutationOnRemovespecialtyReturnsError,44,MutationOnRemovespecialtyReturnsError,graphql,False
petclinic-graphql,bb,js,EvoMaster_successes_Test.js,test_3_MutationOnUpdatepetReturnsError,38,MutationOnUpdatepetReturnsError,graphql,False
petclinic-graphql,bb,js,EvoMaster_successes_Test.js,test_4_QueryOnPetReturnsData,28,QueryOnPetReturnsData,graphql,False
petclinic-graphql,bb,js,EvoMaster_successes_Test.js,test_5_MutationOnAddspecialtyReturnsData,40,MutationOnAddspecialtyReturnsData,graphql,False
petclinic-graphql,bb,js,EvoMaster_successes_Test.js,test_6_QueryOnOwnerReturnsData,30,QueryOnOwnerReturnsData,graphql,False
petclinic-graphql,bb,js,EvoMaster_successes_Test.js,test_7_QueryOnPettypesReturnsData,33,QueryOnPettypesReturnsData,graphql,False
petclinic-graphql,bb,js,EvoMaster_successes_Test.js,test_8_QueryOnVetsReturnsData,29,QueryOnVetsReturnsData,graphql,False
petclinic-graphql,bb,js,EvoMaster_successes_Test.js,test_9_QueryOnOwnersReturnsData,31,QueryOnOwnersReturnsData,graphql,False
petclinic-graphql,bb,js,EvoMaster_successes_Test.js,test_10_MutationOnUpdatespecialtyReturnsData,44,MutationOnUpdatespecialtyReturnsData,graphql,False
petclinic-graphql,bb,js,EvoMaster_successes_Test.js,test_11_QueryOnSpecialtiesReturnsData,37,QueryOnSpecialtiesReturnsData,graphql,False
petclinic-graphql,bb,js,EvoMaster_successes_Test.js,test_12_QueryOnPetsReturnsData,30,QueryOnPetsReturnsData,graphql,False
petclinic-graphql,bb,js,EvoMaster_others_Test.js,test_0_MutationOnAddpetReturnsEmpty,35,MutationOnAddpetReturnsEmpty,graphql,False
petclinic-graphql,bb,js,EvoMaster_others_Test.js,test_1_MutationOnUpdatepetReturnsEmpty,38,MutationOnUpdatepetReturnsEmpty,graphql,False
petclinic-graphql,bb,js,EvoMaster_others_Test.js,test_2_MutationOnAddvisitReturnsEmpty,37,MutationOnAddvisitReturnsEmpty,graphql,False
rest-scs,bb,java,EvoMaster_successes_Test.java,test_0_getOnTitlReturns200,26,getOnTitlReturns200,rest,False
rest-scs,bb,java,EvoMaster_successes_Test.java,test_1_getOnDateparsReturns200,30,getOnDateparsReturns200,rest,False
rest-scs,bb,java,EvoMaster_successes_Test.java,test_2_getOnCookiReturns200,27,getOnCookiReturns200,rest,False
rest-scs,bb,java,EvoMaster_successes_Test.java,test_3_getOnText2txtReturns200,30,getOnText2txtReturns200,rest,False
rest-scs,bb,java,EvoMaster_successes_Test.java,test_4_getOnPatReturns200,25,getOnPatReturns200,rest,True
rest-scs,bb,java,EvoMaster_successes_Test.java,test_5_getOnPatReturns200,25,getOnPatReturns200,rest,True
rest-scs,bb,java,EvoMaster_successes_Test.java,test_6_getOnFilesuffixReturns200,32,getOnFilesuffixReturns200,rest,False
rest-scs,bb,java,EvoMaster_successes_Test.java,test_7_getOnCalcReturns200,26,getOnCalcReturns200,rest,False
rest-scs,bb,java,EvoMaster_successes_Test.java,test_8_getOnOrdered4Returns200,30,getOnOrdered4Returns200,rest,False
rest-scs,bb,java,EvoMaster_successes_Test.java,test_9_getOnCostfunReturns200,29,getOnCostfunReturns200,rest,False
rest-scs,bb,java,EvoMaster_successes_Test.java,test_10_getOnNotypevarReturns200,32,getOnNotypevarReturns200,rest,False
rest-scs,bb,java,EvoMaster_successes_Test.java,test_11_getOnApi_docsReturns200,31,getOnApi_docsReturns200,rest,False
rest-scs,bb,python,EvoMaster_successes_Test.py,test_0_GET_on_costfun_returns_200,33,GET_on_costfun_returns_200,rest,False
rest-scs,bb,python,EvoMaster_successes_Test.py,test_1_GET_on_ordered4_returns_200,34,GET_on_ordered4_returns_200,rest,False
rest-scs,bb,python,EvoMaster_successes_Test.py,test_2_GET_on_titl_returns_200,30,GET_on_titl_returns_200,rest,False
rest-scs,bb,python,EvoMaster_successes_Test.py,test_3_GET_on_cooki_returns_200,31,GET_on_cooki_returns_200,rest,False
rest-scs,bb,python,EvoMaster_successes_Test.py,test_4_GET_on_pat_returns_200,29,GET_on_pat_returns_200,rest,True
rest-scs,bb,python,EvoMaster_successes_Test.py,test_5_GET_on_datepars_returns_200,34,GET_on_datepars_returns_200,rest,False
rest-scs,bb,python,EvoMaster_successes_Test.py,test_6_GET_on_pat_returns_200,29,GET_on_pat_returns_200,rest,True
rest-scs,bb,python,EvoMaster_successes_Test.py,test_7_GET_on_filesuffix_returns_200,36,GET_on_filesuffix_returns_200,rest,False
rest-scs,bb,python,EvoMaster_successes_Test.py,test_8_GET_on_notypevar_returns_200,35,GET_on_notypevar_returns_200,rest,False
rest-scs,bb,python,EvoMaster_successes_Test.py,test_9_GET_on_calc_returns_200,30,GET_on_calc_returns_200,rest,False
rest-scs,bb,python,EvoMaster_successes_Test.py,test_10_GET_on_text2txt_returns_200,35,GET_on_text2txt_returns_200,rest,False
rest-scs,bb,python,EvoMaster_successes_Test.py,test_11_GET_on_api_docs_returns_200,35,GET_on_api_docs_returns_200,rest,False
rest-scs,bb,js,EvoMaster_successes_Test.js,test_0_GetOnCookiReturns200,27,GetOnCookiReturns200,rest,False
rest-scs,bb,js,EvoMaster_successes_Test.js,test_1_GetOnPatReturns200,25,GetOnPatReturns200,rest,True
rest-scs,bb,js,EvoMaster_successes_Test.js,test_2_GetOnCostfunReturns200,29,GetOnCostfunReturns200,rest,False
rest-scs,bb,js,EvoMaster_successes_Test.js,test_3_GetOnNotypevarReturns200,31,GetOnNotypevarReturns200,rest,False
rest-scs,bb,js,EvoMaster_successes_Test.js,test_4_GetOnText2txtReturns200,30,GetOnText2txtReturns200,rest,False
rest-scs,bb,js,EvoMaster_successes_Test.js,test_5_GetOnCalcReturns200,26,GetOnCalcReturns200,rest,False
rest-scs,bb,js,EvoMaster_successes_Test.js,test_6_GetOnFilesuffixReturns200,32,GetOnFilesuffixReturns200,rest,False
rest-scs,bb,js,EvoMaster_successes_Test.js,test_7_GetOnTitlReturns200,26,GetOnTitlReturns200,rest,False
rest-scs,bb,js,EvoMaster_successes_Test.js,test_8_GetOnPatReturns200,25,GetOnPatReturns200,rest,True
rest-scs,bb,js,EvoMaster_successes_Test.js,test_9_GetOnDateparsReturns200,30,GetOnDateparsReturns200,rest,False
rest-scs,bb,js,EvoMaster_successes_Test.js,test_10_GetOnOrdered4Returns200,31,GetOnOrdered4Returns200,rest,False
rest-scs,bb,js,EvoMaster_successes_Test.js,test_11_GetOnApi_docsReturns200,31,GetOnApi_docsReturns200,rest,False
rpc-scs,wb,java,EvoMaster_P0_exceptions_Test.java,test_0_scsserviceblockingstubOnTitleThrowsUnexpected_exception_java_lang_runtimeexception,89,scsserviceblockingstubOnTitleThrowsUnexpected_exception_java_lang_runtimeexception,rpc,False
rpc-scs,wb,java,EvoMaster_P0_exceptions_Test.java,test_1_scsserviceblockingstubOnPatThrowsUnexpected_exception_java_lang_runtimeexception,87,scsserviceblockingstubOnPatThrowsUnexpected_exception_java_lang_runtimeexception,rpc,False
rpc-scs,wb,java,EvoMaster_P0_exceptions_Test.java,test_2_scsserviceblockingstubOnNotypevarThrowsUnexpected_exception_java_lang_runtimeexception,93,scsserviceblockingstubOnNotypevarThrowsUnexpected_exception_java_lang_runtimeexception,rpc,False
rpc-scs,wb,java,EvoMaster_P0_exceptions_Test.java,test_3_scsserviceblockingstubOnCostfunsThrowsUnexpected_exception_java_lang_runtimeexception,92,scsserviceblockingstubOnCostfunsThrowsUnexpected_exception_java_lang_runtimeexception,rpc,False
rpc-scs,wb,java,EvoMaster_P0_exceptions_Test.java,test_4_scsserviceblockingstubOnCookieThrowsUnexpected_exception_java_lang_runtimeexception,90,scsserviceblockingstubOnCookieThrowsUnexpected_exception_java_lang_runtimeexception,rpc,False
rpc-scs,wb,java,EvoMaster_P0_exceptions_Test.java,test_5_scsserviceblockingstubOnRegexThrowsUnexpected_exception_java_lang_runtimeexception,89,scsserviceblockingstubOnRegexThrowsUnexpected_exception_java_lang_runtimeexception,rpc,False
rpc-scs,wb,java,EvoMaster_P0_exceptions_Test.java,test_6_scsserviceblockingstubOnText2txtThrowsUnexpected_exception_java_lang_runtimeexception,92,scsserviceblockingstubOnText2txtThrowsUnexpected_exception_java_lang_runtimeexception,rpc,False
rpc-scs,wb,java,EvoMaster_P0_exceptions_Test.java,test_7_scsserviceblockingstubOnCalcThrowsUnexpected_exception_java_lang_runtimeexception,88,scsserviceblockingstubOnCalcThrowsUnexpected_exception_java_lang_runtimeexception,rpc,False
rpc-scs,wb,java,EvoMaster_P0_exceptions_Test.java,test_8_scsserviceblockingstubOnOrdered4ThrowsUnexpected_exception_java_lang_runtimeexception,92,scsserviceblockingstubOnOrdered4ThrowsUnexpected_exception_java_lang_runtimeexception,rpc,False
rpc-scs,wb,java,EvoMaster_P0_exceptions_Test.java,test_9_scsserviceblockingstubOnDateparseThrowsUnexpected_exception_java_lang_runtimeexception,93,scsserviceblockingstubOnDateparseThrowsUnexpected_exception_java_lang_runtimeexception,rpc,False
rpc-scs,wb,java,EvoMaster_P0_exceptions_Test.java,test_10_scsserviceblockingstubOnFilesuffixThrowsUnexpected_exception_java_lang_runtimeexception,95,scsserviceblockingstubOnFilesuffixThrowsUnexpected_exception_java_lang_runtimeexception,rpc,False
rpc-scs,wb,java,EvoMaster_ScsServiceGrpc_ScsServiceBlockingStub_others_Test.java,test_0_scsserviceblockingstubOnPatReturnsSuccess,48,scsserviceblockingstubOnPatReturnsSuccess,rpc,True
rpc-scs,wb,java,EvoMaster_ScsServiceGrpc_ScsServiceBlockingStub_others_Test.java,test_1_scsserviceblockingstubOnOrdered4ReturnsSuccess,53,scsserviceblockingstubOnOrdered4ReturnsSuccess,rpc,False
rpc-scs,wb,java,EvoMaster_ScsServiceGrpc_ScsServiceBlockingStub_others_Test.java,test_2_scsserviceblockingstubOnNotypevarReturnsSuccess,54,scsserviceblockingstubOnNotypevarReturnsSuccess,rpc,True
rpc-scs,wb,java,EvoMaster_ScsServiceGrpc_ScsServiceBlockingStub_others_Test.java,test_3_scsserviceblockingstubOnTitleReturnsSuccess,50,scsserviceblockingstubOnTitleReturnsSuccess,rpc,True
rpc-scs,wb,java,EvoMaster_ScsServiceGrpc_ScsServiceBlockingStub_others_Test.java,test_4_scsserviceblockingstubOnCostfunsReturnsSuccess,53,scsserviceblockingstubOnCostfunsReturnsSuccess,rpc,True
rpc-scs,wb,java,EvoMaster_ScsServiceGrpc_ScsServiceBlockingStub_others_Test.java,test_5_scsserviceblockingstubOnFilesuffixReturnsSuccess,55,scsserviceblockingstubOnFilesuffixReturnsSuccess,rpc,False
rpc-scs,wb,java,EvoMaster_ScsServiceGrpc_ScsServiceBlockingStub_others_Test.java,test_6_scsserviceblockingstubOnNotypevarReturnsSuccess,54,scsserviceblockingstubOnNotypevarReturnsSuccess,rpc,True
rpc-scs,wb,java,EvoMaster_ScsServiceGrpc_ScsServiceBlockingStub_others_Test.java,test_7_scsserviceblockingstubOnNotypevarReturnsSuccess,54,scsserviceblockingstubOnNotypevarReturnsSuccess,rpc,True
rpc-scs,wb,java,EvoMaster_ScsServiceGrpc_ScsServiceBlockingStub_others_Test.java,test_8_scsserviceblockingstubOnCookieReturnsSuccess,51,scsserviceblockingstubOnCookieReturnsSuccess,rpc,False
rpc-scs,wb,java,EvoMaster_ScsServiceGrpc_ScsServiceBlockingStub_others_Test.java,test_9_scsserviceblockingstubOnTitleReturnsSuccess,50,scsserviceblockingstubOnTitleReturnsSuccess,rpc,True
rpc-scs,wb,java,EvoMaster_ScsServiceGrpc_ScsServiceBlockingStub_others_Test.java,test_10_scsserviceblockingstubOnTitleReturnsSuccess,51,scsserviceblockingstubOnTitleReturnsSuccess,rpc,True
rpc-scs,wb,java,EvoMaster_ScsServiceGrpc_ScsServiceBlockingStub_others_Test.java,test_11_scsserviceblockingstubOnRegexReturnsSuccess,51,scsserviceblockingstubOnRegexReturnsSuccess,rpc,False
rpc-scs,wb,java,EvoMaster_ScsServiceGrpc_ScsServiceBlockingStub_others_Test.java,test_12_scsserviceblockingstubOnCostfunsReturnsSuccess,54,scsserviceblockingstubOnCostfunsReturnsSuccess,rpc,True
rpc-scs,wb,java,EvoMaster_ScsServiceGrpc_ScsServiceBlockingStub_others_Test.java,test_13_scsserviceblockingstubOnPatReturnsSuccess,49,scsserviceblockingstubOnPatReturnsSuccess,rpc,True
rpc-scs,wb,java,EvoMaster_ScsServiceGrpc_ScsServiceBlockingStub_others_Test.java,test_14_scsserviceblockingstubOnPatReturnsSuccess,49,scsserviceblockingstubOnPatReturnsSuccess,rpc,True
rpc-scs,wb,java,EvoMaster_ScsServiceGrpc_ScsServiceBlockingStub_others_Test.java,test_15_scsserviceblockingstubOnCostfunsReturnsSuccess,54,scsserviceblockingstubOnCostfunsReturnsSuccess,rpc,True
rpc-scs,wb,java,EvoMaster_ScsServiceGrpc_ScsServiceBlockingStub_others_Test.java,test_16_scsserviceblockingstubOnText2txtReturnsSuccess,54,scsserviceblockingstubOnText2txtReturnsSuccess,rpc,False
rpc-scs,wb,java,EvoMaster_ScsServiceGrpc_ScsServiceBlockingStub_others_Test.java,test_17_scsserviceblockingstubOnTitleReturnsSuccess,51,scsserviceblockingstubOnTitleReturnsSuccess,rpc,True
rpc-scs,wb,java,EvoMaster_ScsServiceGrpc_ScsServiceBlockingStub_others_Test.java,test_18_scsserviceblockingstubOnCalcReturnsSuccess,50,scsserviceblockingstubOnCalcReturnsSuccess,rpc,False
rpc-scs,wb,java,EvoMaster_ScsServiceGrpc_ScsServiceBlockingStub_others_Test.java,test_19_scsserviceblockingstubOnDateparseReturnsSuccess,55,scsserviceblockingstubOnDateparseReturnsSuccess,rpc,False
catwatch,bb,java,EvoMaster_others_Test.java,test_0_getOnFetchReturnsNull,28,getOnFetchReturnsNull,rest,False
catwatch,bb,java,EvoMaster_others_Test.java,test_1_getOnContributorsReturns400,34,getOnContributorsReturns400,rest,False
catwatch,bb,java,EvoMaster_others_Test.java,test_2_getOnProjectsReturns400,30,getOnProjectsReturns400,rest,True
catwatch,bb,java,EvoMaster_others_Test.java,test_3_getOnLanguagesReturns400,31,getOnLanguagesReturns400,rest,False
catwatch,bb,java,EvoMaster_others_Test.java,test_4_getOnStatisticsReturns400,32,getOnStatisticsReturns400,rest,False
catwatch,bb,java,EvoMaster_others_Test.java,test_5_getOnProjectsReturns400,30,getOnProjectsReturns400,rest,True
catwatch,bb,java,EvoMaster_others_Test.java,test_6_getOnDeleteReturns401,28,getOnDeleteReturns401,rest,False
catwatch,bb,java,EvoMaster_others_Test.java,test_7_getOnInitReturns401,26,getOnInitReturns401,rest,False
catwatch,bb,java,EvoMaster_others_Test.java,test_8_postOnImportReturns403,29,postOnImportReturns403,rest,False
catwatch,bb,java,EvoMaster_others_Test.java,test_9_postOnScoring_projectReturns403,38,postOnScoring_projectReturns403,rest,False
catwatch,bb,java,EvoMaster_faults_Test.java,test_0_getOnContributorsCauses500_internalservererror,53,getOnContributorsCauses500_internalservererror,rest,True
catwatch,bb,java,EvoMaster_faults_Test.java,test_1_postOnErrorCauses500_internalservererror,47,postOnErrorCauses500_internalservererror,rest,False
catwatch,bb,java,EvoMaster_faults_Test.java,test_2_getOnProjectsCauses500_internalservererror,49,getOnProjectsCauses500_internalservererror,rest,False
catwatch,bb,java,EvoMaster_faults_Test.java,test_3_getOnContributorsCauses500_internalservererror,53,getOnContributorsCauses500_internalservererror,rest,True
catwatch,bb,java,EvoMaster_faults_Test.java,test_4_putOnErrorCauses500_internalservererror,46,putOnErrorCauses500_internalservererror,rest,False
catwatch,bb,java,EvoMaster_faults_Test.java,test_5_deleteOnErrorCauses500_internalservererror,49,deleteOnErrorCauses500_internalservererror,rest,False
catwatch,bb,java,EvoMaster_faults_Test.java,test_6_headOnErrorCauses500_internalservererror,47,headOnErrorCauses500_internalservererror,rest,False
catwatch,bb,java,EvoMaster_faults_Test.java,test_7_getOnErrorCauses500_internalservererror,46,getOnErrorCauses500_internalservererror,rest,False
catwatch,bb,java,EvoMaster_faults_Test.java,test_8_patchOnErrorCauses500_internalservererror,48,patchOnErrorCauses500_internalservererror,rest,False
catwatch,bb,java,EvoMaster_successes_Test.java,test_0_getOnConfigReturns200,28,getOnConfigReturns200,rest,False
catwatch,bb,java,EvoMaster_successes_Test.java,test_1_getOnExportReturns200,28,getOnExportReturns200,rest,False
catwatch,bb,java,EvoMaster_successes_Test.java,test_2_getOnHealth_jsonReturns200,33,getOnHealth_jsonReturns200,rest,False
catwatch,bb,java,EvoMaster_successes_Test.java,test_3_getOnLanguagesReturns200,31,getOnLanguagesReturns200,rest,True
catwatch,bb,java,EvoMaster_successes_Test.java,test_4_getOnLanguagesReturns200,31,getOnLanguagesReturns200,rest,True
catwatch,bb,java,EvoMaster_successes_Test.java,test_5_getOnProjectsReturns200,30,getOnProjectsReturns200,rest,False
catwatch,bb,java,EvoMaster_successes_Test.java,test_6_getOnHealthReturns200,28,getOnHealthReturns200,rest,False
catwatch,bb,java,EvoMaster_successes_Test.java,test_7_getOnStatisticsReturns200,32,getOnStatisticsReturns200,rest,False
catwatch,bb,java,EvoMaster_successes_Test.java,test_8_optionsOnErrorReturns200,31,optionsOnErrorReturns200,rest,False
catwatch,bb,java,EvoMaster_successes_Test.java,test_9_getOnApi_docsReturns200,30,getOnApi_docsReturns200,rest,False
catwatch,bb,python,EvoMaster_others_Test.py,test_0_GET_on_fetch_returns_null,32,GET_on_fetch_returns_null,rest,False
catwatch,bb,python,EvoMaster_others_Test.py,test_1_GET_on_statistics_returns_400,36,GET_on_statistics_returns_400,rest,False
catwatch,bb,python,EvoMaster_others_Test.py,test_2_GET_on_languages_returns_400,35,GET_on_languages_returns_400,rest,False
catwatch,bb,python,EvoMaster_others_Test.py,test_3_GET_on_projects_returns_400,34,GET_on_projects_returns_400,rest,True
catwatch,bb,python,EvoMaster_others_Test.py,test_4_GET_on_contributors_returns_400,38,GET_on_contributors_returns_400,rest,False
catwatch,bb,python,EvoMaster_others_Test.py,test_5_GET_on_projects_returns_400,34,GET_on_projects_returns_400,rest,True
catwatch,bb,python,EvoMaster_others_Test.py,test_6_GET_on_delete_returns_401,32,GET_on_delete_returns_401,rest,False
catwatch,bb,python,EvoMaster_others_Test.py,test_7_GET_on_init_returns_401,30,GET_on_init_returns_401,rest,False
catwatch,bb,python,EvoMaster_others_Test.py,test_8_POST_on_scoring_project_returns_403,42,POST_on_scoring_project_returns_403,rest,False
catwatch,bb,python,EvoMaster_others_Test.py,test_9_POST_on_import_returns_403,33,POST_on_import_returns_403,rest,False
catwatch,bb,python,EvoMaster_faults_Test.py,test_0_HEAD_on_error_causes500_internalServerError,50,HEAD_on_error_causes500_internalServerError,rest,False
catwatch,bb,python,EvoMaster_faults_Test.py,test_1_GET_on_contributors_causes500_internalServerError,56,GET_on_contributors_causes500_internalServerError,rest,True
catwatch,bb,python,EvoMaster_faults_Test.py,test_2_GET_on_projects_causes500_internalServerError,52,GET_on_projects_causes500_internalServerError,rest,False
catwatch,bb,python,EvoMaster_faults_Test.py,test_3_GET_on_contributors_causes500_internalServerError,56,GET_on_contributors_causes500_internalServerError,rest,True
catwatch,bb,python,EvoMaster_faults_Test.py,test_4_PUT_on_error_causes500_internalServerError,49,PUT_on_error_causes500_internalServerError,rest,False
catwatch,bb,python,EvoMaster_faults_Test.py,test_5_GET_on_error_causes500_internalServerError,49,GET_on_error_causes500_internalServerError,rest,False
catwatch,bb,python,EvoMaster_faults_Test.py,test_6_POST_on_error_causes500_internalServerError,50,POST_on_error_causes500_internalServerError,rest,False
catwatch,bb,python,EvoMaster_faults_Test.py,test_7_DELETE_on_error_causes500_internalServerError,52,DELETE_on_error_causes500_internalServerError,rest,False
catwatch,bb,python,EvoMaster_faults_Test.py,test_8_PATCH_on_error_causes500_internalServerError,51,PATCH_on_error_causes500_internalServerError,rest,False
catwatch,bb,python,EvoMaster_successes_Test.py,test_0_GET_on_health_json_returns_200,37,GET_on_health_json_returns_200,rest,False
catwatch,bb,python,EvoMaster_successes_Test.py,test_1_GET_on_statistics_returns_200,36,GET_on_statistics_returns_200,rest,False
catwatch,bb,python,EvoMaster_successes_Test.py,test_2_GET_on_languages_returns_200,35,GET_on_languages_returns_200,rest,False
catwatch,bb,python,EvoMaster_successes_Test.py,test_3_OPTIONS_on_error_returns_200,35,OPTIONS_on_error_returns_200,rest,False
catwatch,bb,python,EvoMaster_successes_Test.py,test_4_GET_on_export_returns_200,32,GET_on_export_returns_200,rest,False
catwatch,bb,python,EvoMaster_successes_Test.py,test_5_GET_on_config_returns_200,32,GET_on_config_returns_200,rest,False
catwatch,bb,python,EvoMaster_successes_Test.py,test_6_GET_on_health_returns_200,32,GET_on_health_returns_200,rest,False
catwatch,bb,python,EvoMaster_successes_Test.py,test_7_GET_on_projects_returns_200,34,GET_on_projects_returns_200,rest,False
catwatch,bb,python,EvoMaster_successes_Test.py,test_8_GET_on_api_docs_returns_200,34,GET_on_api_docs_returns_200,rest,False
catwatch,bb,js,EvoMaster_successes_Test.js,test_0_GetOnStatisticsReturns200,32,GetOnStatisticsReturns200,rest,False
catwatch,bb,js,EvoMaster_successes_Test.js,test_1_GetOnHealthReturns200,28,GetOnHealthReturns200,rest,False
catwatch,bb,js,EvoMaster_successes_Test.js,test_2_GetOnLanguagesReturns200,31,GetOnLanguagesReturns200,rest,True
catwatch,bb,js,EvoMaster_successes_Test.js,test_3_GetOnConfigReturns200,28,GetOnConfigReturns200,rest,False
catwatch,bb,js,EvoMaster_successes_Test.js,test_4_GetOnHealth_jsonReturns200,33,GetOnHealth_jsonReturns200,rest,False
catwatch,bb,js,EvoMaster_successes_Test.js,test_5_GetOnLanguagesReturns200,31,GetOnLanguagesReturns200,rest,True
catwatch,bb,js,EvoMaster_successes_Test.js,test_6_GetOnProjectsReturns200,30,GetOnProjectsReturns200,rest,False
catwatch,bb,js,EvoMaster_successes_Test.js,test_7_GetOnExportReturns200,28,GetOnExportReturns200,rest,False
catwatch,bb,js,EvoMaster_successes_Test.js,test_8_OptionsOnErrorReturns200,31,OptionsOnErrorReturns200,rest,False
catwatch,bb,js,EvoMaster_successes_Test.js,test_9_GetOnApi_docsReturns200,30,GetOnApi_docsReturns200,rest,False
catwatch,bb,js,EvoMaster_faults_Test.js,test_0_GetOnProjectsCauses500_internalservererror,49,GetOnProjectsCauses500_internalservererror,rest,False
catwatch,bb,js,EvoMaster_faults_Test.js,test_1_GetOnContributorsCauses500_internalservererror,53,GetOnContributorsCauses500_internalservererror,rest,True
catwatch,bb,js,EvoMaster_faults_Test.js,test_2_PutOnErrorCauses500_internalservererror,46,PutOnErrorCauses500_internalservererror,rest,False
catwatch,bb,js,EvoMaster_faults_Test.js,test_3_GetOnContributorsCauses500_internalservererror,53,GetOnContributorsCauses500_internalservererror,rest,True
catwatch,bb,js,EvoMaster_faults_Test.js,test_4_PostOnErrorCauses500_internalservererror,47,PostOnErrorCauses500_internalservererror,rest,False
catwatch,bb,js,EvoMaster_faults_Test.js,test_5_DeleteOnErrorCauses500_internalservererror,49,DeleteOnErrorCauses500_internalservererror,rest,False
catwatch,bb,js,EvoMaster_faults_Test.js,test_6_PatchOnErrorCauses500_internalservererror,48,PatchOnErrorCauses500_internalservererror,rest,False
catwatch,bb,js,EvoMaster_faults_Test.js,test_7_HeadOnErrorCauses500_internalservererror,47,HeadOnErrorCauses500_internalservererror,rest,False
catwatch,bb,js,EvoMaster_faults_Test.js,test_8_GetOnErrorCauses500_internalservererror,46,GetOnErrorCauses500_internalservererror,rest,False
catwatch,bb,js,EvoMaster_others_Test.js,test_0_GetOnFetchReturnsNull,28,GetOnFetchReturnsNull,rest,False
catwatch,bb,js,EvoMaster_others_Test.js,test_1_GetOnProjectsReturns400,30,GetOnProjectsReturns400,rest,True
catwatch,bb,js,EvoMaster_others_Test.js,test_2_GetOnStatisticsReturns400,32,GetOnStatisticsReturns400,rest,False
catwatch,bb,js,EvoMaster_others_Test.js,test_3_GetOnContributorsReturns400,34,GetOnContributorsReturns400,rest,False
catwatch,bb,js,EvoMaster_others_Test.js,test_4_GetOnProjectsReturns400,30,GetOnProjectsReturns400,rest,True
catwatch,bb,js,EvoMaster_others_Test.js,test_5_GetOnLanguagesReturns400,31,GetOnLanguagesReturns400,rest,False
catwatch,bb,js,EvoMaster_others_Test.js,test_6_GetOnDeleteReturns401,28,GetOnDeleteReturns401,rest,False
catwatch,bb,js,EvoMaster_others_Test.js,test_7_GetOnInitReturns401,26,GetOnInitReturns401,rest,False
catwatch,bb,js,EvoMaster_others_Test.js,test_8_PostOnScoring_projectReturns403,38,PostOnScoring_projectReturns403,rest,False
catwatch,bb,js,EvoMaster_others_Test.js,test_9_PostOnImportReturns403,29,PostOnImportReturns403,rest,False
thrift-ncs,wb,java,EvoMaster_P0_exceptions_Test.java,test_0_ifaceOnFisherThrowsOtherwise_exception_org_apache_thrift_tapplicationexception,85,ifaceOnFisherThrowsOtherwise_exception_org_apache_thrift_tapplicationexception,rpc,True
thrift-ncs,wb,java,EvoMaster_P0_exceptions_Test.java,test_1_ifaceOnBessjThrowsOtherwise_exception_org_apache_thrift_tapplicationexception,84,ifaceOnBessjThrowsOtherwise_exception_org_apache_thrift_tapplicationexception,rpc,True
thrift-ncs,wb,java,EvoMaster_P0_exceptions_Test.java,test_2_ifaceOnRemainderThrowsOtherwise_exception_org_apache_thrift_tapplicationexception,88,ifaceOnRemainderThrowsOtherwise_exception_org_apache_thrift_tapplicationexception,rpc,True
thrift-ncs,wb,java,EvoMaster_P0_exceptions_Test.java,test_3_ifaceOnBessjThrowsOtherwise_exception_org_apache_thrift_tapplicationexception,84,ifaceOnBessjThrowsOtherwise_exception_org_apache_thrift_tapplicationexception,rpc,True
thrift-ncs,wb,java,EvoMaster_P0_exceptions_Test.java,test_4_ifaceOnFisherThrowsOtherwise_exception_org_apache_thrift_tapplicationexception,85,ifaceOnFisherThrowsOtherwise_exception_org_apache_thrift_tapplicationexception,rpc,True
thrift-ncs,wb,java,EvoMaster_P0_exceptions_Test.java,test_5_ifaceOnRemainderThrowsOtherwise_exception_org_apache_thrift_tapplicationexception,88,ifaceOnRemainderThrowsOtherwise_exception_org_apache_thrift_tapplicationexception,rpc,True
thrift-ncs,wb,java,EvoMaster_P0_exceptions_Test.java,test_6_ifaceOnRemainderThrowsOtherwise_exception_org_apache_thrift_tapplicationexception,88,ifaceOnRemainderThrowsOtherwise_exception_org_apache_thrift_tapplicationexception,rpc,True
thrift-ncs,wb,java,EvoMaster_P0_exceptions_Test.java,test_7_ifaceOnRemainderThrowsOtherwise_exception_org_apache_thrift_tapplicationexception,88,ifaceOnRemainderThrowsOtherwise_exception_org_apache_thrift_tapplicationexception,rpc,True
thrift-ncs,wb,java,EvoMaster_P0_exceptions_Test.java,test_8_ifaceOnExpintThrowsOtherwise_exception_org_apache_thrift_tapplicationexception,85,ifaceOnExpintThrowsOtherwise_exception_org_apache_thrift_tapplicationexception,rpc,True
thrift-ncs,wb,java,EvoMaster_P0_exceptions_Test.java,test_9_ifaceOnExpintThrowsOtherwise_exception_org_apache_thrift_tapplicationexception,85,ifaceOnExpintThrowsOtherwise_exception_org_apache_thrift_tapplicationexception,rpc,True
thrift-ncs,wb,java,EvoMaster_P0_exceptions_Test.java,test_10_ifaceOnGammqThrowsOtherwise_exception_org_apache_thrift_tapplicationexception,85,ifaceOnGammqThrowsOtherwise_exception_org_apache_thrift_tapplicationexception,rpc,True
thrift-ncs,wb,java,EvoMaster_P0_exceptions_Test.java,test_11_ifaceOnGammqThrowsOtherwise_exception_org_apache_thrift_tapplicationexception,85,ifaceOnGammqThrowsOtherwise_exception_org_apache_thrift_tapplicationexception,rpc,True
thrift-ncs,wb,java,EvoMaster_P0_exceptions_Test.java,test_12_ifaceOnGammqThrowsOtherwise_exception_org_apache_thrift_tapplicationexception,85,ifaceOnGammqThrowsOtherwise_exception_org_apache_thrift_tapplicationexception,rpc,True
thrift-ncs,wb,java,EvoMaster_NcsService_Iface_others_Test.java,test_0_ifaceOnChecktriangleReturnsSuccess,41,ifaceOnChecktriangleReturnsSuccess,rpc,True
thrift-ncs,wb,java,EvoMaster_NcsService_Iface_others_Test.java,test_1_ifaceOnChecktriangleReturnsSuccess,41,ifaceOnChecktriangleReturnsSuccess,rpc,True
thrift-ncs,wb,java,EvoMaster_NcsService_Iface_others_Test.java,test_2_ifaceOnChecktriangleReturnsSuccess,41,ifaceOnChecktriangleReturnsSuccess,rpc,True
thrift-ncs,wb,java,EvoMaster_NcsService_Iface_others_Test.java,test_3_ifaceOnRemainderReturnsSuccess,37,ifaceOnRemainderReturnsSuccess,rpc,True
thrift-ncs,wb,java,EvoMaster_NcsService_Iface_others_Test.java,test_4_ifaceOnChecktriangleReturnsSuccess,41,ifaceOnChecktriangleReturnsSuccess,rpc,True
thrift-ncs,wb,java,EvoMaster_NcsService_Iface_others_Test.java,test_5_ifaceOnRemainderReturnsSuccess,37,ifaceOnRemainderReturnsSuccess,rpc,True
thrift-ncs,wb,java,EvoMaster_NcsService_Iface_others_Test.java,test_6_ifaceOnChecktriangleReturnsSuccess,41,ifaceOnChecktriangleReturnsSuccess,rpc,True
thrift-ncs,wb,java,EvoMaster_NcsService_Iface_others_Test.java,test_7_ifaceOnExpintReturnsSuccess,34,ifaceOnExpintReturnsSuccess,rpc,True
thrift-ncs,wb,java,EvoMaster_NcsService_Iface_others_Test.java,test_8_ifaceOnChecktriangleReturnsSuccess,41,ifaceOnChecktriangleReturnsSuccess,rpc,True
thrift-ncs,wb,java,EvoMaster_NcsService_Iface_others_Test.java,test_9_ifaceOnChecktriangleReturnsSuccess,41,ifaceOnChecktriangleReturnsSuccess,rpc,True
thrift-ncs,wb,java,EvoMaster_NcsService_Iface_others_Test.java,test_10_ifaceOnChecktriangleReturnsSuccess,42,ifaceOnChecktriangleReturnsSuccess,rpc,True
thrift-ncs,wb,java,EvoMaster_NcsService_Iface_others_Test.java,test_11_ifaceOnExpintReturnsSuccess,35,ifaceOnExpintReturnsSuccess,rpc,True
thrift-ncs,wb,java,EvoMaster_NcsService_Iface_others_Test.java,test_12_ifaceOnRemainderReturnsSuccess,38,ifaceOnRemainderReturnsSuccess,rpc,True
thrift-ncs,wb,java,EvoMaster_NcsService_Iface_others_Test.java,test_13_ifaceOnRemainderReturnsSuccess,38,ifaceOnRemainderReturnsSuccess,rpc,True
thrift-ncs,wb,java,EvoMaster_NcsService_Iface_others_Test.java,test_14_ifaceOnFisherReturnsSuccess,35,ifaceOnFisherReturnsSuccess,rpc,True
thrift-ncs,wb,java,EvoMaster_NcsService_Iface_others_Test.java,test_15_ifaceOnFisherReturnsSuccess,35,ifaceOnFisherReturnsSuccess,rpc,True
thrift-ncs,wb,java,EvoMaster_NcsService_Iface_others_Test.java,test_16_ifaceOnFisherReturnsSuccess,35,ifaceOnFisherReturnsSuccess,rpc,True
thrift-ncs,wb,java,EvoMaster_NcsService_Iface_others_Test.java,test_17_ifaceOnFisherReturnsSuccess,35,ifaceOnFisherReturnsSuccess,rpc,True
thrift-ncs,wb,java,EvoMaster_NcsService_Iface_others_Test.java,test_18_ifaceOnFisherReturnsSuccess,35,ifaceOnFisherReturnsSuccess,rpc,True
thrift-ncs,wb,java,EvoMaster_NcsService_Iface_others_Test.java,test_19_ifaceOnFisherReturnsSuccess,35,ifaceOnFisherReturnsSuccess,rpc,True
thrift-ncs,wb,java,EvoMaster_NcsService_Iface_others_Test.java,test_20_ifaceOnExpintReturnsSuccess,35,ifaceOnExpintReturnsSuccess,rpc,True
thrift-ncs,wb,java,EvoMaster_NcsService_Iface_others_Test.java,test_21_ifaceOnGammqReturnsSuccess,34,ifaceOnGammqReturnsSuccess,rpc,True
thrift-ncs,wb,java,EvoMaster_NcsService_Iface_others_Test.java,test_22_ifaceOnExpintReturnsSuccess,35,ifaceOnExpintReturnsSuccess,rpc,True
thrift-ncs,wb,java,EvoMaster_NcsService_Iface_others_Test.java,test_23_ifaceOnFisherReturnsSuccess,35,ifaceOnFisherReturnsSuccess,rpc,True
thrift-ncs,wb,java,EvoMaster_NcsService_Iface_others_Test.java,test_24_ifaceOnGammqReturnsSuccess,34,ifaceOnGammqReturnsSuccess,rpc,True
thrift-ncs,wb,java,EvoMaster_NcsService_Iface_others_Test.java,test_25_ifaceOnBessjReturnsSuccess,34,ifaceOnBessjReturnsSuccess,rpc,True
thrift-ncs,wb,java,EvoMaster_NcsService_Iface_others_Test.java,test_26_ifaceOnGammqReturnsSuccess,34,ifaceOnGammqReturnsSuccess,rpc,True
thrift-ncs,wb,java,EvoMaster_NcsService_Iface_others_Test.java,test_27_ifaceOnBessjReturnsSuccess,34,ifaceOnBessjReturnsSuccess,rpc,True
