API,executionMode,fileName,fullTestName,testNameLength,testDescription
catwatch,bb,EvoMaster_successes_Test.java,test_19_getOnProjectsWithQueryParamsEmptyQReturnsEmptyList,58,getOnProjectsWithQueryParamsEmptyQReturnsEmptyList
catwatch,bb,EvoMaster_faults_Test.java,test_8_getOnStatisticsContributorsWithQueryParamEmptyOrganizationsShowsFaults_100_200,85,getOnStatisticsContributorsWithQueryParamEmptyOrganizationsShowsFaults_100_200
catwatch,bb,EvoMaster_faults_Test.java,test_11_getOnContributorsWithQueryParamsEmptyQShowsFaults_100_200,65,getOnContributorsWithQueryParamsEmptyQShowsFaults_100_200
catwatch,bb,EvoMaster_faults_Test.java,test_15_getOnProjectsWithQueryParamsNegativeOffsetShowsFaults_100_200,69,getOnProjectsWithQueryParamsNegativeOffsetShowsFaults_100_200
catwatch,bb,EvoMaster_faults_Test.java,test_19_getOnStatisticsLanguagesWithQueryParamEmptyStart_dateReturnsSchemaInvalidResponse,89,getOnStatisticsLanguagesWithQueryParamEmptyStart_dateReturnsSchemaInvalidResponse
catwatch,bb,EvoMaster_faults_Test.java,test_25_getOnProjectsWithQueryParamsNegativeLimitReturnsSchemaInvalidResponse,77,getOnProjectsWithQueryParamsNegativeLimitReturnsSchemaInvalidResponse
catwatch,wb,EvoMaster_successes_Test.java,test_13_getOnProjectsWithQueryParamsEmptySortByReturnsEmptyList,63,getOnProjectsWithQueryParamsEmptySortByReturnsEmptyList
catwatch,wb,EvoMaster_faults_Test.java,test_4_getOnStatisticsContributorsWithQueryParamsEmptySortByShowsFaults_100_200,79,getOnStatisticsContributorsWithQueryParamsEmptySortByShowsFaults_100_200
catwatch,wb,EvoMaster_faults_Test.java,test_5_getOnContributorsWithQueryParamsNegativeLimitShowsFaults_100_200,71,getOnContributorsWithQueryParamsNegativeLimitShowsFaults_100_200
catwatch,wb,EvoMaster_faults_Test.java,test_6_getOnContributorsWithQueryParamsEmptySortByAndEmptyQShowsFaults_100_200UsingSql,86,getOnContributorsWithQueryParamsEmptySortByAndEmptyQShowsFaults_100_200UsingSql
catwatch,wb,EvoMaster_faults_Test.java,test_10_getOnContributorsWithQueryParamsEmptySortByShowsFaults_100_200,70,getOnContributorsWithQueryParamsEmptySortByShowsFaults_100_200
catwatch,wb,EvoMaster_faults_Test.java,test_15_getOnExportWithQueryParamsEmptyOrganizationsReturnsSchemaInvalidResponseUsingSql,88,getOnExportWithQueryParamsEmptyOrganizationsReturnsSchemaInvalidResponseUsingSql
catwatch,wb,EvoMaster_faults_Test.java,test_18_getOnDeleteWithQueryParamsEmptyAccess_tokenReturnsSchemaInvalidResponse,79,getOnDeleteWithQueryParamsEmptyAccess_tokenReturnsSchemaInvalidResponse
catwatch,wb,EvoMaster_faults_Test.java,test_19_getOnFetchWithQueryParamEmptyAccess_tokenReturnsSchemaInvalidResponse,77,getOnFetchWithQueryParamEmptyAccess_tokenReturnsSchemaInvalidResponse
catwatch,wb,EvoMaster_faults_Test.java,test_21_getOnLanguagesWithQueryParamsEmptyAccess_tokenReturnsSchemaInvalidResponse,82,getOnLanguagesWithQueryParamsEmptyAccess_tokenReturnsSchemaInvalidResponse
catwatch,wb,EvoMaster_faults_Test.java,test_25_getOnExportWithQueryParamsEmptyAccess_tokenReturnsSchemaInvalidResponse,79,getOnExportWithQueryParamsEmptyAccess_tokenReturnsSchemaInvalidResponse
catwatch,wb,EvoMaster_faults_Test.java,test_26_getOnContributorsWithQueryParamsEmptyAccess_tokenReturnsSchemaInvalidResponse,85,getOnContributorsWithQueryParamsEmptyAccess_tokenReturnsSchemaInvalidResponse
catwatch,wb,EvoMaster_faults_Test.java,test_44_getOnLanguagesWithQueryParamsNegativeLimitReturnsSchemaInvalidResponseUsingSql,86,getOnLanguagesWithQueryParamsNegativeLimitReturnsSchemaInvalidResponseUsingSql
catwatch,wb,EvoMaster_faults_Test.java,test_46_getOnExportWithQueryParamsEmptyLimitReturnsSchemaInvalidResponse,72,getOnExportWithQueryParamsEmptyLimitReturnsSchemaInvalidResponse
catwatch,wb,EvoMaster_faults_Test.java,test_49_getOnLanguagesWithQueryParamsNegativeOffsetEmptyQReturnsSchemaInvalidResponse,85,getOnLanguagesWithQueryParamsNegativeOffsetEmptyQReturnsSchemaInvalidResponse
catwatch,wb,EvoMaster_faults_Test.java,test_52_getOnContributorsWithQueryParamsEmptyOrganizationsReturnsSchemaInvalidResponse,86,getOnContributorsWithQueryParamsEmptyOrganizationsReturnsSchemaInvalidResponse
catwatch,wb,EvoMaster_faults_Test.java,test_53_getOnContributorsWithQueryParamsNegativeOffsetReturnsSchemaInvalidResponse,82,getOnContributorsWithQueryParamsNegativeOffsetReturnsSchemaInvalidResponse
catwatch,wb,EvoMaster_faults_Test.java,test_60_getOnProjectsWithQueryParamsEmptySortByAndEmptyQAndEmptyLanguageReturnsSchemaInvalidResponseUsingSql,108,getOnProjectsWithQueryParamsEmptySortByAndEmptyQAndEmptyLanguageReturnsSchemaInvalidResponseUsingSql
genome-nexus,wb,EvoMaster_successes_Test.java,test_30_postOnAnnotationGenomicWithQueryParamsEmptyTokenReturns200UsingMongo,76,postOnAnnotationGenomicWithQueryParamsEmptyTokenReturns200UsingMongo
pay-publicapi,wb,EvoMaster_faults_Test.java,test_11_getOnV1RefundsWithQueryParamsEmptyFrom_settled_dateShowsFaults_100_200,78,getOnV1RefundsWithQueryParamsEmptyFrom_settled_dateShowsFaults_100_200
pay-publicapi,wb,EvoMaster_faults_Test.java,test_13_getOnV1PaymentsWithQueryParamsEmptyCardholder_nameAndEmptyFrom_settled_dateShowsFaults_100_200,102,getOnV1PaymentsWithQueryParamsEmptyCardholder_nameAndEmptyFrom_settled_dateShowsFaults_100_200
pay-publicapi,wb,EvoMaster_faults_Test.java,test_16_getOnV1PaymentsWithQueryParamsEmptyCard_brandShowsFaults_100_200,72,getOnV1PaymentsWithQueryParamsEmptyCard_brandShowsFaults_100_200
pay-publicapi,wb,EvoMaster_faults_Test.java,test_23_getOnV1PaymentsWithQueryParamsEmptyFirst_digits_card_numberReturnsSchemaInvalidResponse,95,getOnV1PaymentsWithQueryParamsEmptyFirst_digits_card_numberReturnsSchemaInvalidResponse
session-service,wb,EvoMaster_faults_Test.java,test_50_getOnSessionQueryWithQueryParamsEmptyValueReturnsSchemaInvalidResponseUsingMongo,88,getOnSessionQueryWithQueryParamsEmptyValueReturnsSchemaInvalidResponseUsingMongo
gestaohospital,wb,EvoMaster_faults_Test.java,test_3_getOnHospitaisMaisProximoWithQueryParamsNegativeLonAndNegativeRaioMaximoShowsFaults_100_200UsingMongo,108,getOnHospitaisMaisProximoWithQueryParamsNegativeLonAndNegativeRaioMaximoShowsFaults_100_200UsingMongo
gestaohospital,wb,EvoMaster_faults_Test.java,test_79_getOnHospitaiHospitaisProximosWithQueryParamNegativeRaioReturnsSchemaInvalidResponseUsingMongo,102,getOnHospitaiHospitaisProximosWithQueryParamNegativeRaioReturnsSchemaInvalidResponseUsingMongo
gestaohospital,wb,EvoMaster_faults_Test.java,test_180_postOnHospitaiTransferenciaWithQueryParamsEmptyLonReturnsSchemaInvalidResponse,87,postOnHospitaiTransferenciaWithQueryParamsEmptyLonReturnsSchemaInvalidResponse
restcountries,wb,EvoMaster_faults_Test.java,test_141_getOnV2NameWithQueryParamsFullTextEmptyFieldsReturnsSchemaInvalidResponse,82,getOnV2NameWithQueryParamsFullTextEmptyFieldsReturnsSchemaInvalidResponse
restcountries,wb,EvoMaster_faults_Test.java,test_153_getOnV1AlphaWithQueryParamsEmptyCodesReturnsSchemaInvalidResponse,74,getOnV1AlphaWithQueryParamsEmptyCodesReturnsSchemaInvalidResponse
restcountries,wb,EvoMaster_faults_Test.java,test_164_getOnV1NameWithQueryParamFullTextReturnsSchemaInvalidResponse,70,getOnV1NameWithQueryParamFullTextReturnsSchemaInvalidResponse
market,wb,EvoMaster_faults_Test.java,test_23_getOnCustomerCartWithQueryParamsEmptyNameAndEmptyIncludedReturnsSchemaInvalidResponseUsingSql,101,getOnCustomerCartWithQueryParamsEmptyNameAndEmptyIncludedReturnsSchemaInvalidResponseUsingSql
market,wb,EvoMaster_faults_Test.java,test_26_putOnCartDeliveryWithQueryParamsIncludedReturnsSchemaInvalidResponse,76,putOnCartDeliveryWithQueryParamsIncludedReturnsSchemaInvalidResponse
market,wb,EvoMaster_faults_Test.java,test_27_putOnCartDeliveryWithQueryParamsIncludedEmptyNameReturnsSchemaInvalidResponse,85,putOnCartDeliveryWithQueryParamsIncludedEmptyNameReturnsSchemaInvalidResponse
rest-news,wb,EvoMaster_successes_Test.java,test_13_deleteOnNewWithQueryParamsEmptyCountryReturns204UsingSql,64,deleteOnNewWithQueryParamsEmptyCountryReturns204UsingSql
rest-news,wb,EvoMaster_successes_Test.java,test_14_putOnNewTextWithQueryParamsEmptyEMextraParam123Returns204UsingSql,73,putOnNewTextWithQueryParamsEmptyEMextraParam123Returns204UsingSql
scout-api,wb,EvoMaster_successes_Test.java,test_47_getOnV1CategoriesWithQueryParamsEmptyAttrsReturnsEmptyListUsingSql,74,getOnV1CategoriesWithQueryParamsEmptyAttrsReturnsEmptyListUsingSql
scout-api,wb,EvoMaster_successes_Test.java,test_48_getOnV2TagsWithQueryParamsNegativeMin_activities_countReturnsEmptyListUsingSql,86,getOnV2TagsWithQueryParamsNegativeMin_activities_countReturnsEmptyListUsingSql
scout-api,wb,EvoMaster_successes_Test.java,test_51_getOnV1CategoriesWithQueryParamsNegativeMin_activities_countReturnsEmptyListUsingSql,92,getOnV1CategoriesWithQueryParamsNegativeMin_activities_countReturnsEmptyListUsingSql
scout-api,wb,EvoMaster_successes_Test.java,test_68_getOnV2ActivitiesWithQueryParamsNegativeRatings_average_minReturnsEmptyListUsingSql,91,getOnV2ActivitiesWithQueryParamsNegativeRatings_average_minReturnsEmptyListUsingSql
scout-api,wb,EvoMaster_successes_Test.java,test_69_getOnV2ActivitiesWithQueryParamsFeaturedNegativeRandomReturnsEmptyListUsingSql,86,getOnV2ActivitiesWithQueryParamsFeaturedNegativeRandomReturnsEmptyListUsingSql
scout-api,wb,EvoMaster_successes_Test.java,test_73_getOnV2ActivitiesWithQueryParamsFeaturedReturnsEmptyListUsingSql,72,getOnV2ActivitiesWithQueryParamsFeaturedReturnsEmptyListUsingSql
scout-api,wb,EvoMaster_successes_Test.java,test_74_getOnV2ActivitiesWithQueryParamsNegativeRandomAndNegativeFavouritesReturnsEmptyListUsingSql,99,getOnV2ActivitiesWithQueryParamsNegativeRandomAndNegativeFavouritesReturnsEmptyListUsingSql
scout-api,wb,EvoMaster_others_Test.java,test_19_postOnV2ActivitiesWithQueryParamsEmptyRatings_count_minReturns400,73,postOnV2ActivitiesWithQueryParamsEmptyRatings_count_minReturns400
scout-api,wb,EvoMaster_others_Test.java,test_20_postOnV1ActivitiesWithQueryParamsEmptyParticipantsReturns400,68,postOnV1ActivitiesWithQueryParamsEmptyParticipantsReturns400
scout-api,wb,EvoMaster_others_Test.java,test_21_postOnV2ActivitiesWithQueryParamsEmptyCategoriesReturns400UsingSql,74,postOnV2ActivitiesWithQueryParamsEmptyCategoriesReturns400UsingSql
scout-api,wb,EvoMaster_others_Test.java,test_23_getOnV2ActivitiesWithQueryParamsFeaturedEmptyAgesReturns400,67,getOnV2ActivitiesWithQueryParamsFeaturedEmptyAgesReturns400
scout-api,wb,EvoMaster_others_Test.java,test_24_getOnV1ActivitiesWithQueryParamsNegativeFavouritesReturns400,68,getOnV1ActivitiesWithQueryParamsNegativeFavouritesReturns400
scout-api,wb,EvoMaster_others_Test.java,test_83_getOnV1UserWithQueryParamsEmptyMy_favouritesReturns403UsingSql,70,getOnV1UserWithQueryParamsEmptyMy_favouritesReturns403UsingSql
scout-api,wb,EvoMaster_faults_Test.java,test_41_postOnV1UsersWithQueryParamEmptyAttrsCauses500_internalServerError,74,postOnV1UsersWithQueryParamEmptyAttrsCauses500_internalServerError
scout-api,wb,EvoMaster_faults_Test.java,test_73_deleteOnV1Media_filWithQueryParamsVerify_unusedCauses500_internalServerError,84,deleteOnV1Media_filWithQueryParamsVerify_unusedCauses500_internalServerError
scout-api,wb,EvoMaster_faults_Test.java,test_78_getOnMedia_filFileWithQueryParamNegativeSizeCauses500_internalServerErrorUsingSql,89,getOnMedia_filFileWithQueryParamNegativeSizeCauses500_internalServerErrorUsingSql
scout-api,wb,EvoMaster_faults_Test.java,test_94_postOnV2ActivitiesWithQueryParamsEmptyRatings_average_minCauses500_internalServerErrorUsingSql,102,postOnV2ActivitiesWithQueryParamsEmptyRatings_average_minCauses500_internalServerErrorUsingSql
scout-api,wb,EvoMaster_faults_Test.java,test_100_getOnV2ActivitiesWithQueryParamsEmptyNameAndEmptyParticipantsCauses500_internalServerError,99,getOnV2ActivitiesWithQueryParamsEmptyNameAndEmptyParticipantsCauses500_internalServerError
scout-api,wb,EvoMaster_faults_Test.java,test_103_getOnV2ActivitiesWithQueryParamsNegativeFavouritesCauses500_internalServerError,88,getOnV2ActivitiesWithQueryParamsNegativeFavouritesCauses500_internalServerError
scout-api,wb,EvoMaster_faults_Test.java,test_104_getOnV2ActivitiesWithQueryParamsNegativeRatings_count_minCauses500_internalServerError,95,getOnV2ActivitiesWithQueryParamsNegativeRatings_count_minCauses500_internalServerError
scout-api,wb,EvoMaster_faults_Test.java,test_107_getOnV2ActivitiesWithQueryParamsMy_favouritesNegativeRatings_average_minCauses500_internalServerErrorUsingSql,118,getOnV2ActivitiesWithQueryParamsMy_favouritesNegativeRatings_average_minCauses500_internalServerErrorUsingSql
scout-api,wb,EvoMaster_faults_Test.java,test_108_getOnV1ActivitiesWithQueryParamsFeaturedCauses500_internalServerError,78,getOnV1ActivitiesWithQueryParamsFeaturedCauses500_internalServerError
scout-api,wb,EvoMaster_faults_Test.java,test_109_getOnV1ActivitiesWithQueryParamsNegativeRatings_count_minCauses500_internalServerError,95,getOnV1ActivitiesWithQueryParamsNegativeRatings_count_minCauses500_internalServerError
scout-api,wb,EvoMaster_faults_Test.java,test_112_getOnV1ActivitiesWithQueryParamsFeaturedAndMy_favouritesCauses500_internalServerError,94,getOnV1ActivitiesWithQueryParamsFeaturedAndMy_favouritesCauses500_internalServerError
scout-api,wb,EvoMaster_faults_Test.java,test_113_getOnV1ActivitiesWithQueryParamsMy_favouritesCauses500_internalServerError,83,getOnV1ActivitiesWithQueryParamsMy_favouritesCauses500_internalServerError
scout-api,wb,EvoMaster_faults_Test.java,test_114_getOnV1ActivitiesWithQueryParamsMy_favouritesNegativeRandomEmptyCategoriesCauses500_internalServerErrorUsingSql,120,getOnV1ActivitiesWithQueryParamsMy_favouritesNegativeRandomEmptyCategoriesCauses500_internalServerErrorUsingSql